	total_energy	grid_total	grid_vdw	grid_elec	grid_hbond	conformer_id	placement_id	PDB_name
0	29.743406191517245	-32.874492287871774	-26.30441215387014	-6.570080134001637	0.0	5	67	5_67.pdb
1	29.899619079991915	-31.54887581630665	-27.349803291147335	-4.199072525159315	0.0	2	27	2_27.pdb
2	30.731577035991183	-34.31207209510528	-28.7055740937653	-5.606498001339976	0.0	8	36	8_36.pdb
3	31.051837329049267	-30.474385803363266	-29.497761614113585	-0.9766241892496799	0.0	9	88	9_88.pdb
4	31.408212271274994	-30.275755029161495	-28.85166174761545	-1.4240932815460468	0.0	3	81	3_81.pdb
5	31.55219881758446	-30.04371496480099	-24.903810073069913	-5.139904891731076	0.0	10	47	10_47.pdb
6	31.575029785118	-31.70965675254642	-26.668849672076043	-5.040807080470376	0.0	1	28	1_28.pdb
7	31.625632200567473	-30.02206273015476	-25.459672405588915	-4.562390324565847	0.0	5	37	5_37.pdb
8	31.63860076220345	-31.238038910839787	-29.562470769123458	-1.67556814171633	0.0	7	84	7_84.pdb
9	31.702193666245392	-34.14175661902756	-25.042057464048355	-9.099699154979204	0.0	9	48	9_48.pdb
10	31.712218106923487	-31.423481127389277	-27.40667576839135	-4.016805358997929	0.0	6	48	6_48.pdb
11	31.76673793714523	-30.270491202860367	-25.538775106056693	-4.731716096803673	0.0	7	20	7_20.pdb
12	31.89212607275028	-31.01570862003462	-26.681702700511078	-4.33400591952354	0.0	2	34	2_34.pdb
13	31.915202585045996	-31.07569727816146	-26.532834808666404	-4.542862469495057	0.0	5	92	5_92.pdb
14	31.946530695016484	-30.092929491244195	-25.988264907105982	-4.104664584138212	0.0	3	67	3_67.pdb
15	31.951578790096313	-30.269747934284176	-25.472638012188902	-4.7971099220952755	0.0	8	71	8_71.pdb
16	32.015361696414296	-31.289175509965894	-29.9161672753402	-1.3730082346256944	0.0	9	92	9_92.pdb
17	32.04536732158345	-30.74747956064058	-25.636278260820266	-5.111201299820316	0.0	5	55	5_55.pdb
18	32.07782939687043	-29.444362833430418	-24.528216087248133	-4.916146746182283	0.0	5	83	5_83.pdb
19	32.151382997441516	-29.759719336762277	-28.707803378985904	-1.0519159577763717	0.0	9	29	9_29.pdb
20	32.16629176395301	-29.997572183040887	-26.18304925057952	-3.8145229324613705	0.0	9	17	9_17.pdb
21	32.171352588888325	-29.23634992932732	-25.677137113688026	-3.5592128156392944	0.0	7	42	7_42.pdb
22	32.4029665945198	-30.18415657751227	-25.018499293108533	-5.165657284403737	0.0	7	43	7_43.pdb
23	32.414687897645464	-29.903835876971606	-28.464517558306177	-1.4393183186654293	0.0	10	9	10_9.pdb
24	32.47044632218434	-30.475477119047504	-25.081143876180874	-5.39433324286663	0.0	6	43	6_43.pdb
25	32.54719995554876	-31.775851209217862	-31.252000472937706	-0.5238507362801549	0.0	8	22	8_22.pdb
26	32.583575937067636	-29.79480582322668	-26.171928991206972	-3.6228768320197116	0.0	10	83	10_83.pdb
27	32.59735372951348	-30.557379971259138	-26.818325849081788	-3.7390541221773503	0.0	6	32	6_32.pdb
28	32.61252088710789	-30.398817564564453	-24.29980268396628	-6.099014880598173	0.0	8	95	8_95.pdb
29	32.63442107733309	-28.872810392650095	-25.946456720179135	-2.9263536724709596	0.0	8	64	8_64.pdb
30	32.66288214839578	-30.158606938362514	-27.255189939700415	-2.903416998662098	0.0	2	40	2_40.pdb
31	32.68108229249888	-31.58935527141365	-26.164449326269008	-5.42490594514464	0.0	4	28	4_28.pdb
32	32.69135521352582	-30.336587536512287	-28.800033542142806	-1.536553994369479	0.0	9	25	9_25.pdb
33	32.71453988051697	-29.593079309375284	-25.395157668476912	-4.1979216408983735	0.0	8	19	8_19.pdb
34	32.76196701524744	-29.445864396384888	-27.664067544428793	-1.781796851956096	0.0	10	73	10_73.pdb
35	32.77799527590793	-31.927210361425477	-26.185272104036752	-5.741938257388725	0.0	8	57	8_57.pdb
36	32.82326737296495	-30.948193622414863	-29.900334190798297	-1.0478594316165655	0.0	10	39	10_39.pdb
37	32.82524833228112	-30.34408626618671	-26.259295477000578	-4.084790789186133	0.0	5	26	5_26.pdb
38	32.84042277031083	-30.53036445037891	-25.817166059803544	-4.713198390575366	0.0	7	46	7_46.pdb
39	32.980629961479224	-29.44927413842888	-28.110090170242447	-1.3391839681864335	0.0	5	82	5_82.pdb
40	32.984787337388006	-29.78236018007656	-25.20000648077155	-4.582353699305012	0.0	9	85	9_85.pdb
41	33.121469341804975	-30.407384183246087	-26.455030677181483	-3.952353506064606	0.0	10	59	10_59.pdb
42	33.169653221299036	-30.06271217199277	-22.23316812809288	-7.829544043899891	0.0	8	25	8_25.pdb
43	33.270142663109304	-29.578669374415668	-25.575822414161184	-4.002846960254482	0.0	3	79	3_79.pdb
44	33.37006949103565	-29.35404454946527	-26.588622565744796	-2.7654219837204743	0.0	5	38	5_38.pdb
45	33.40053657150921	-29.786072345068515	-25.121301653316205	-4.6647706917523095	0.0	10	57	10_57.pdb
46	33.40902284571328	-31.408462258524562	-27.024900588770606	-4.383561669753956	0.0	7	53	7_53.pdb
47	33.4394640580651	-29.440332206389037	-25.04117871595073	-4.3991534904383105	0.0	9	69	9_69.pdb
48	33.440385380913796	-29.476589318764027	-25.84382823287037	-3.6327610858936588	0.0	8	27	8_27.pdb
49	33.453135714562286	-29.970552555425066	-29.194307405515197	-0.7762451499098701	0.0	7	34	7_34.pdb
50	33.458804590361346	-29.335594814466223	-28.334148977713255	-1.0014458367529664	0.0	6	20	6_20.pdb
51	33.45882711390268	-32.01421457140008	-26.63310018324558	-5.3811143881545025	0.0	7	77	7_77.pdb
52	33.47647572160662	-30.039121605251246	-24.796272020618098	-5.24284958463315	0.0	8	91	8_91.pdb
53	33.49172639672667	-28.640835595073682	-25.14939079220504	-3.4914448028686436	0.0	10	1	10_1.pdb
54	33.53409506599534	-29.99748777147189	-25.09354726659903	-4.903940504872859	0.0	8	8	8_8.pdb
55	33.540956924068865	-29.232504775128344	-27.281990127257068	-1.9505146478712778	0.0	9	46	9_46.pdb
56	33.72341061942331	-27.93640451522641	-26.69247693244646	-1.2439275827799496	0.0	6	67	6_67.pdb
57	33.74675443582616	-28.95813006702154	-25.594029381635973	-3.3641006853855657	0.0	7	50	7_50.pdb
58	33.75107184768492	-32.821174928247764	-26.56200348731572	-6.259171440932045	0.0	8	84	8_84.pdb
59	33.91007638668179	-27.454931623105526	-24.495648958999777	-2.9592826641057495	0.0	8	69	8_69.pdb
60	33.96710079782331	-32.90226161402385	-29.393870103617182	-3.5083915104066667	0.0	8	26	8_26.pdb
61	33.990887253829726	-28.453688302944975	-24.914337037469767	-3.539351265475208	0.0	9	32	9_32.pdb
62	34.00541083641892	-29.528130624024577	-24.838804105978866	-4.689326518045711	0.0	8	68	8_68.pdb
63	34.04213473718067	-31.61398888479489	-23.430741644454063	-8.183247240340826	0.0	8	72	8_72.pdb
64	34.04528847211074	-29.306625044632778	-24.655969517864605	-4.650655526768173	0.0	7	7	7_7.pdb
65	34.05885367549637	-29.25543034679757	-28.156771895968642	-1.0986584508289297	0.0	9	26	9_26.pdb
66	34.104950808523284	-29.01904684959944	-23.781396897356252	-5.237649952243187	0.0	5	74	5_74.pdb
67	34.16242802087814	-28.72184332966186	-26.682115572205547	-2.039727757456311	0.0	3	37	3_37.pdb
68	34.21274924997711	-28.631946441693927	-27.10701463840161	-1.5249318032923167	0.0	7	59	7_59.pdb
69	34.25577337296101	-27.23068465823085	-25.090594473085282	-2.1400901851455663	0.0	5	87	5_87.pdb
70	34.26375607041305	-28.012464824401977	-24.769119254373166	-3.243345570028811	0.0	7	72	7_72.pdb
71	34.313569668663476	-27.2706954452244	-23.65131691359378	-3.6193785316306197	0.0	4	83	4_83.pdb
72	34.32711572497264	-28.400849021667515	-23.72129586636108	-4.6795531553064365	0.0	6	53	6_53.pdb
73	34.3290036575194	-27.876857233480052	-26.023974238188877	-1.8528829952911765	0.0	10	32	10_32.pdb
74	34.37848275160412	-29.68152968448016	-25.236874629295983	-4.44465505518418	0.0	5	41	5_41.pdb
75	34.39975127184073	-28.230099349359186	-25.033424718311398	-3.1966746310477867	0.0	2	50	2_50.pdb
76	34.46135799578768	-27.974609054810212	-23.544667146203928	-4.429941908606284	0.0	8	41	8_41.pdb
77	34.49544148629031	-28.257547637456447	-26.693324127876707	-1.5642235095797385	0.0	10	99	10_99.pdb
78	34.512159499894246	-28.789293749416302	-25.009724155438054	-3.7795695939782465	0.0	5	9	5_9.pdb
79	34.5170611786518	-28.541456160078752	-23.465528959023633	-5.075927201055119	0.0	6	13	6_13.pdb
80	34.56749100135647	-28.870916716460837	-25.207715346674686	-3.6632013697861505	0.0	1	21	1_21.pdb
81	34.577154399651505	-28.614039074868348	-25.67590193784212	-2.938137137026227	0.0	6	2	6_2.pdb
82	34.69104638720636	-27.81028471318053	-23.55062240566063	-4.259662307519899	0.0	7	89	7_89.pdb
83	34.7359002898858	-29.068609833260417	-25.953623821944255	-3.1149860113161623	0.0	4	48	4_48.pdb
84	34.75236791759928	-28.160410323581665	-25.162398877989204	-2.998011445592461	0.0	5	2	5_2.pdb
85	34.75650871807217	-27.93370148361921	-23.366594140462652	-4.5671073431565565	0.0	3	85	3_85.pdb
86	34.790375735495154	-28.34347943902996	-23.421916828777686	-4.921562610252274	0.0	9	44	9_44.pdb
87	34.801504646588306	-27.732729242717483	-23.002243453095357	-4.730485789622127	0.0	10	88	10_88.pdb
88	34.838423753780674	-29.588658656866542	-25.364753673982385	-4.223904982884157	0.0	4	21	4_21.pdb
89	34.85308505035569	-28.491884967017885	-27.256777671667486	-1.2351072953503983	0.0	10	42	10_42.pdb
90	34.85538398588943	-28.4508814615786	-24.025741693120604	-4.425139768457996	0.0	9	41	9_41.pdb
91	34.86697110367992	-29.286628498704196	-25.423565087703928	-3.863063411000268	0.0	9	36	9_36.pdb
92	34.885060360756164	-28.40842241351978	-23.713451733431828	-4.694970680087953	0.0	9	47	9_47.pdb
93	34.90304423316093	-30.16678950273553	-23.375541098296985	-6.791248404438544	0.0	7	92	7_92.pdb
94	34.90824862915587	-28.160797271207397	-24.635340481421114	-3.5254567897862827	0.0	6	83	6_83.pdb
95	34.91798235559261	-29.016892783550272	-26.175769054113143	-2.841123729437129	0.0	4	71	4_71.pdb
96	34.97621785640201	-29.32500069256287	-24.536027015995398	-4.788973676567473	0.0	5	81	5_81.pdb
97	34.994863525731574	-30.394798305246848	-26.515337384168937	-3.8794609210779107	0.0	4	4	4_4.pdb
98	34.999667298995845	-29.265189769867916	-27.560735554547335	-1.7044542153205797	0.0	7	30	7_30.pdb
99	35.016919906872204	-28.83583027878433	-25.773687760703346	-3.062142518080984	0.0	5	42	5_42.pdb
100	35.01694385655857	-30.950989124726007	-27.132015597577293	-3.818973527148715	0.0	4	37	4_37.pdb
101	35.03839343661465	-28.152357404169972	-26.76536385102796	-1.3869935531420132	0.0	9	76	9_76.pdb
102	35.039961103198614	-27.31054351268756	-24.266861344604283	-3.0436821680832753	0.0	6	91	6_91.pdb
103	35.04924970953172	-27.741815192141182	-23.3885520500183	-4.353263142122882	0.0	6	54	6_54.pdb
104	35.05512249076881	-27.712793883860417	-23.490997894497404	-4.221795989363013	0.0	4	80	4_80.pdb
105	35.056954048128006	-30.43095275090044	-24.438099338601898	-5.992853412298542	0.0	8	86	8_86.pdb
106	35.09777107801545	-29.461217252553507	-26.990512972230565	-2.4707042803229404	0.0	5	54	5_54.pdb
107	35.11750072007451	-28.806313680163804	-22.810113999206465	-5.996199680957341	0.0	4	58	4_58.pdb
108	35.17649331025029	-27.175746367678	-26.102435769695138	-1.0733105979828599	0.0	8	65	8_65.pdb
109	35.212229704317785	-28.439546149071102	-25.57170881217793	-2.8678373368931696	0.0	8	23	8_23.pdb
110	35.285907586542486	-28.38509267688914	-23.56459286928696	-4.82049980760218	0.0	8	37	8_37.pdb
111	35.31979447726517	-27.247678235815314	-26.51532385993244	-0.7323543758828734	0.0	7	48	7_48.pdb
112	35.37541504327169	-26.959875136367874	-26.399907527676596	-0.5599676086912778	0.0	3	50	3_50.pdb
113	35.50607047948082	-27.32730363547166	-23.03826928816519	-4.289034347306472	0.0	6	75	6_75.pdb
114	35.53558250911468	-29.19884030051717	-27.50751020721125	-1.691330093305917	0.0	8	58	8_58.pdb
115	35.551676788550786	-30.740964208054955	-26.795462290854225	-3.9455019172007284	0.0	8	1	8_1.pdb
116	35.634693209990104	-29.356305917250793	-27.090622997732602	-2.2656829195181905	0.0	1	5	1_5.pdb
117	35.63886418811023	-30.81765913656654	-29.150838697222436	-1.6668204393441042	0.0	10	95	10_95.pdb
118	35.72889273036517	-27.562929358167224	-21.270653691237865	-6.292275666929361	0.0	8	9	8_9.pdb
119	35.73458472328678	-28.079171400218502	-25.68379315003322	-2.3953782501852823	0.0	9	97	9_97.pdb
120	35.90785670928834	-32.20466447059507	-24.35302572305069	-7.851638747544384	0.0	1	46	1_46.pdb
121	35.95522300402457	-30.288403282595134	-27.075381011702095	-3.213022270893039	0.0	3	52	3_52.pdb
122	35.957196176284285	-31.136516984654946	-25.919602977539142	-5.216914007115802	0.0	7	88	7_88.pdb
123	35.97488455323041	-29.486023606581867	-27.508484407862014	-1.9775391987198536	0.0	8	10	8_10.pdb
124	36.01751347206383	-28.483899938102173	-24.830629706712312	-3.653270231389862	0.0	10	40	10_40.pdb
125	36.021274757462976	-29.61025774765272	-26.061243573440233	-3.549014174212488	0.0	8	21	8_21.pdb
126	36.07170377388077	-29.061866274629054	-25.58348038512883	-3.4783858895002244	0.0	3	63	3_63.pdb
127	36.114198247321745	-27.613560755384523	-24.54693226245519	-3.066628492929333	0.0	3	83	3_83.pdb
128	36.11808244489975	-29.631836292808003	-26.32223089525169	-3.309605397556316	0.0	8	17	8_17.pdb
129	36.12160332461884	-29.406195695458447	-27.87187700936875	-1.534318686089697	0.0	5	27	5_27.pdb
130	36.125704516323	-30.869281527021215	-27.16007078471922	-3.7092107423019933	0.0	8	88	8_88.pdb
131	36.228209079478766	-30.256651688585443	-26.214318336119554	-4.042333352465887	0.0	5	15	5_15.pdb
132	36.264004971891445	-27.16474422700824	-26.303096338817856	-0.8616478881903826	0.0	10	44	10_44.pdb
133	36.26727065372282	-28.173620567999322	-24.14050763897946	-4.033112929019863	0.0	4	86	4_86.pdb
134	36.274738326223996	-27.677988640689243	-24.104900203705924	-3.5730884369833196	0.0	10	54	10_54.pdb
135	36.35204734390518	-28.703882358505496	-28.201192317993286	-0.5026900405122117	0.0	1	40	1_40.pdb
136	36.45250967135621	-27.541453610365465	-24.8265330895544	-2.7149205208110647	0.0	8	99	8_99.pdb
137	36.52250805941094	-26.07934220812129	-23.796749624669072	-2.2825925834522156	0.0	7	100	7_100.pdb
138	36.56583119173508	-28.395366742088502	-24.1625024424319	-4.232864299656602	0.0	9	10	9_10.pdb
139	36.584496942135424	-28.24528914699119	-25.942625936677928	-2.3026632103132623	0.0	1	31	1_31.pdb
140	36.625206880473065	-28.89439962524275	-25.511612918906394	-3.3827867063363564	0.0	8	81	8_81.pdb
141	36.636261683359066	-27.696419479641833	-21.400053298602785	-6.296366181039046	0.0	6	92	6_92.pdb
142	36.68255830374848	-29.408936873671014	-28.018530476483438	-1.390406397187576	0.0	8	20	8_20.pdb
143	36.69649730708872	-26.92063462896144	-22.67206434755419	-4.24857028140725	0.0	5	7	5_7.pdb
144	36.72827371185011	-28.635380254949887	-28.04517605762337	-0.5902041973265172	0.0	7	87	7_87.pdb
145	36.742301118877116	-28.410187944711204	-28.51187218954031	0.1016842448291064	0.0	9	81	9_81.pdb
146	36.75062389560168	-28.31850052422494	-27.229545545343992	-1.0889549788809503	0.0	7	26	7_26.pdb
147	36.77808275960919	-28.793736681252707	-26.09700119279236	-2.696735488460348	0.0	8	49	8_49.pdb
148	36.816912694299525	-27.01043284084212	-23.97691730440315	-3.0335155364389745	0.0	8	11	8_11.pdb
149	36.834925844984895	-26.195640465385324	-22.854770443192265	-3.34087002219306	0.0	2	79	2_79.pdb
150	36.84211088570715	-32.04522884554385	-28.096230909038347	-3.948997936505509	0.0	8	45	8_45.pdb
151	36.85214939155489	-28.814612348675468	-24.331354456111928	-4.48325789256354	0.0	7	8	7_8.pdb
152	36.919999758894456	-27.086900794340075	-25.29314227390158	-1.7937585204384958	0.0	6	62	6_62.pdb
153	36.94575698969605	-30.550105359727183	-23.179479101536757	-7.370626258190427	0.0	9	77	9_77.pdb
154	36.95180104737482	-27.960745245919433	-23.110231946537837	-4.8505132993815945	0.0	8	63	8_63.pdb
155	36.98929390335923	-29.55718732179743	-25.662313974317374	-3.894873347480053	0.0	5	93	5_93.pdb
156	36.997552441308706	-28.037140370161	-26.20016099888884	-1.8369793712721623	0.0	5	77	5_77.pdb
157	37.09072352074976	-27.744778127399112	-24.28512155786994	-3.4596565695291717	0.0	4	24	4_24.pdb
158	37.14620229089932	-29.56830463713998	-24.019839529914755	-5.5484651072252245	0.0	7	28	7_28.pdb
159	37.14833366772466	-28.86959438254144	-25.196427764246494	-3.673166618294945	0.0	4	49	4_49.pdb
160	37.15675529532746	-28.472304528318247	-25.92745649628184	-2.5448480320364055	0.0	9	24	9_24.pdb
161	37.17244142660198	-27.37157426600074	-24.18019772852906	-3.1913765374716783	0.0	4	96	4_96.pdb
162	37.1893387233877	-28.852797029985588	-25.59930711941807	-3.2534899105675184	0.0	5	35	5_35.pdb
163	37.20078841664334	-29.198428936483488	-26.26398031123741	-2.934448625246075	0.0	5	91	5_91.pdb
164	37.20243819270038	-26.89143482282636	-23.36230482897998	-3.52912999384638	0.0	10	18	10_18.pdb
165	37.2079415841568	-29.771743392098244	-26.461830437108027	-3.309912954990216	0.0	5	11	5_11.pdb
166	37.2247565649009	-27.340216694539166	-25.27071264047962	-2.069504054059548	0.0	10	53	10_53.pdb
167	37.23509916096382	-26.9404656819282	-24.956258161213587	-1.9842075207146124	0.0	2	32	2_32.pdb
168	37.25994913042045	-29.939236331608654	-26.08592511346456	-3.8533112181440936	0.0	8	39	8_39.pdb
169	37.28115510844077	-27.298454119426527	-25.12785424710747	-2.1705998723190554	0.0	6	63	6_63.pdb
170	37.31765023170174	-27.075530536892114	-25.404525261358092	-1.671005275534023	0.0	2	72	2_72.pdb
171	37.408108004883886	-26.88549485490799	-26.098869164153303	-0.7866256907546875	0.0	7	64	7_64.pdb
172	37.41910617930771	-27.564467829467752	-25.069291259958266	-2.4951765695094874	0.0	8	48	8_48.pdb
173	37.47733516003167	-26.61020300399939	-23.074043898327794	-3.5361591056715964	0.0	10	66	10_66.pdb
174	37.49629888257121	-30.484714409521686	-26.21204702688721	-4.272667382634479	0.0	1	47	1_47.pdb
175	37.5368885679315	-28.17249454531016	-24.5419763838206	-3.6305181614895585	0.0	5	52	5_52.pdb
176	37.59255038011153	-27.959307513293982	-23.999308761225993	-3.959998752067989	0.0	4	43	4_43.pdb
177	37.674145973833845	-30.737767383415836	-25.984778886137338	-4.752988497278498	0.0	8	89	8_89.pdb
178	37.697869059149824	-27.195143570879214	-26.542854593740604	-0.6522889771386114	0.0	7	25	7_25.pdb
179	37.712414534921564	-24.776081193587608	-20.38711129866755	-4.388969894920061	0.0	7	75	7_75.pdb
180	37.73423799896411	-27.42579973346367	-25.75817679699083	-1.6676229364728385	0.0	2	21	2_21.pdb
181	37.745157845756246	-27.352199171177126	-24.568312352872844	-2.783886818304283	0.0	8	54	8_54.pdb
182	37.77195360610413	-30.202909567687207	-25.707292733062097	-4.495616834625109	0.0	6	5	6_5.pdb
183	37.80166471773143	-30.68026530233061	-27.226478891303813	-3.4537864110267975	0.0	5	59	5_59.pdb
184	37.9012528662146	-31.2198264769704	-26.2222920276218	-4.997534449348598	0.0	4	44	4_44.pdb
185	37.92808197734164	-27.786262375690928	-24.351795968816106	-3.434466406874823	0.0	3	68	3_68.pdb
186	37.96460851898272	-27.579673362562197	-25.80117325376898	-1.7785001087932164	0.0	5	23	5_23.pdb
187	37.99029945422335	-26.565476335823377	-21.534646991579766	-5.03082934424361	0.0	1	62	1_62.pdb
188	38.02883953787399	-28.42457163585557	-23.739597640667338	-4.684973995188233	0.0	6	25	6_25.pdb
189	38.038796105982065	-27.91257171406073	-23.200789730515414	-4.711781983545316	0.0	4	41	4_41.pdb
190	38.052563223821494	-27.19598376902006	-25.617968754027974	-1.5780150149920882	0.0	10	86	10_86.pdb
191	38.05591735641031	-29.77206400997146	-25.634943678899244	-4.137120331072216	0.0	4	68	4_68.pdb
192	38.06741963446572	-28.84097626611697	-25.670736338777516	-3.1702399273394555	0.0	1	18	1_18.pdb
193	38.10611085456509	-26.14443882497368	-26.310158370305118	0.16571954533143884	0.0	8	31	8_31.pdb
194	38.12042929572829	-26.236358258383255	-24.355761032953858	-1.8805972254293977	0.0	8	56	8_56.pdb
195	38.20415840948369	-28.255444235020704	-23.799625597614796	-4.4558186374059074	0.0	9	56	9_56.pdb
196	38.21257507854316	-30.00582456597356	-25.742394134297278	-4.263430431676281	0.0	2	67	2_67.pdb
197	38.235049266752185	-26.01699008817063	-24.859969754643146	-1.157020333527483	0.0	3	100	3_100.pdb
198	38.343921547542664	-26.903709128636617	-21.923398629971686	-4.980310498664931	0.0	6	64	6_64.pdb
199	38.532818306413986	-26.796747814766476	-22.147506531369526	-4.64924128339695	0.0	5	94	5_94.pdb
200	38.62612524524561	-30.254609678360204	-27.357958054788153	-2.8966516235720507	0.0	3	22	3_22.pdb
201	38.66201448614435	-30.585363485126585	-26.076608375012526	-4.50875511011406	0.0	6	21	6_21.pdb
202	38.688886509568526	-28.112368799092827	-19.782490493889263	-8.329878305203565	0.0	1	36	1_36.pdb
203	38.69832809603223	-25.831025762737326	-23.41403957913189	-2.4169861836054345	0.0	7	22	7_22.pdb
204	38.717626955038945	-28.449695508702597	-24.286762889417282	-4.162932619285312	0.0	5	20	5_20.pdb
205	38.73456912278097	-25.881341892686326	-23.53569963716565	-2.345642255520676	0.0	10	67	10_67.pdb
206	38.7604693769877	-30.144870187714137	-29.23852715044645	-0.9063430372676846	0.0	9	86	9_86.pdb
207	38.808683632437436	-28.72821212537596	-25.767086992450633	-2.9611251329253294	0.0	9	60	9_60.pdb
208	38.86422870241323	-27.789090989944334	-24.565455944435026	-3.22363504550931	0.0	6	65	6_65.pdb
209	38.9193750584467	-30.03411773914126	-27.214608242896844	-2.819509496244414	0.0	6	36	6_36.pdb
210	39.01385886756732	-26.043710311367075	-21.65673284568849	-4.386977465678583	0.0	9	39	9_39.pdb
211	39.01643547886448	-27.75875402608533	-21.73008734103132	-6.028666685054009	0.0	6	57	6_57.pdb
212	39.04410276668523	-25.819078291144976	-21.93208981834168	-3.8869884728032957	0.0	2	39	2_39.pdb
213	39.09258593154081	-26.997036942497616	-23.599973003452185	-3.39706393904543	0.0	10	60	10_60.pdb
214	39.192496549846936	-27.919685708065032	-25.679708405976754	-2.239977302088276	0.0	4	11	4_11.pdb
215	39.217051684508355	-29.59161859250937	-23.656460574023896	-5.935158018485476	0.0	9	12	9_12.pdb
216	39.2344653937968	-26.43914132580452	-22.49863953541013	-3.9405017903943884	0.0	6	96	6_96.pdb
217	39.329892943365735	-30.178764122916185	-26.873873388863846	-3.304890734052339	0.0	5	71	5_71.pdb
218	39.41543405445568	-30.46481731372092	-26.064873297211207	-4.399944016509713	0.0	2	49	2_49.pdb
219	39.41566021579619	-26.55945434037684	-26.256893929247653	-0.3025604111291848	0.0	6	15	6_15.pdb
220	39.45031868098687	-25.0140018083189	-22.325030369744447	-2.6889714385744505	0.0	6	19	6_19.pdb
221	39.5057630977624	-28.352747333433257	-26.067523476563572	-2.285223856869686	0.0	6	6	6_6.pdb
222	39.517763949597764	-24.684206382202888	-22.3858526016127	-2.298353780590188	0.0	9	74	9_74.pdb
223	39.754854742850874	-28.279817270702786	-26.935337481929125	-1.3444797887736617	0.0	10	51	10_51.pdb
224	39.767608568979256	-27.04371874101406	-25.593430458666717	-1.4502882823473424	0.0	3	66	3_66.pdb
225	39.81476886473644	-28.48813565099757	-25.94408002397904	-2.544055627018528	0.0	1	83	1_83.pdb
226	39.842994287289955	-29.879566255375874	-24.418984986067073	-5.4605812693088005	0.0	6	95	6_95.pdb
227	39.8621520221735	-29.097933522665407	-26.540145451329114	-2.5577880713362946	0.0	10	14	10_14.pdb
228	39.898851978509164	-26.156158433024192	-24.195328129235914	-1.9608303037882762	0.0	5	50	5_50.pdb
229	39.899330528028656	-29.70110301136298	-23.347192008836355	-6.353911002526627	0.0	7	99	7_99.pdb
230	39.9393149213252	-28.72973226119641	-25.426859894309338	-3.3028723668870708	0.0	8	90	8_90.pdb
231	39.9683308031057	-28.02873440111588	-24.032173513279513	-3.996560887836367	0.0	7	27	7_27.pdb
232	39.995130059688044	-30.26071841226666	-25.26874326658534	-4.99197514568132	0.0	8	43	8_43.pdb
233	40.059360084054035	-24.06212376270498	-22.661334230814553	-1.4007895318904298	0.0	5	62	5_62.pdb
234	40.06012350550696	-23.463047119131637	-22.67500790170453	-0.7880392174271085	0.0	2	47	2_47.pdb
235	40.127869567117116	-26.73656924642957	-25.506225960618796	-1.2303432858107768	0.0	4	18	4_18.pdb
236	40.15361192500687	-30.936681833245743	-24.836905391203498	-6.099776442042245	0.0	1	29	1_29.pdb
237	40.23249742677945	-28.958242272601073	-26.912713508089535	-2.045528764511539	0.0	10	41	10_41.pdb
238	40.359452882035896	-26.453864001166377	-22.768696116594096	-3.685167884572281	0.0	4	78	4_78.pdb
239	40.36374340896934	-25.80212733081986	-25.045649569235852	-0.7564777615840086	0.0	1	76	1_76.pdb
240	40.39146085585795	-27.491516229970696	-23.075113336948935	-4.41640289302176	0.0	8	6	8_6.pdb
241	40.42063794080706	-31.963536868534163	-25.959916671654998	-6.003620196879164	0.0	4	8	4_8.pdb
242	40.45432863481362	-28.432710911165913	-24.397145737900253	-4.035565173265658	0.0	4	25	4_25.pdb
243	40.494629708198055	-24.592090628596544	-18.480613423387013	-6.11147720520953	0.0	2	70	2_70.pdb
244	40.51427231610098	-26.483169885042923	-26.31903167349138	-0.16413821155154162	0.0	4	87	4_87.pdb
245	40.53884751029552	-24.73083650492177	-25.12072998691912	0.3898934819973521	0.0	2	36	2_36.pdb
246	40.546669725505595	-28.719148059415474	-25.92938506316616	-2.7897629962493142	0.0	8	55	8_55.pdb
247	40.56981417400125	-24.87617453265121	-20.36583153091529	-4.510343001735918	0.0	8	76	8_76.pdb
248	40.60081695620822	-26.88684775008518	-26.521190285660282	-0.36565746442489744	0.0	8	29	8_29.pdb
249	40.61485185847884	-24.36458480329593	-20.739812229730706	-3.624772573565223	0.0	3	30	3_30.pdb
250	40.66827431063136	-25.10713210531773	-24.498947435373275	-0.6081846699444575	0.0	2	100	2_100.pdb
251	40.77750182930268	-25.11373225141769	-20.93439796380256	-4.17933428761513	0.0	2	18	2_18.pdb
252	40.805869935554185	-28.873050417686088	-27.972124225531196	-0.9009261921548916	0.0	10	6	10_6.pdb
253	40.831332265629946	-24.83468127739082	-20.604208541405928	-4.230472735984894	0.0	5	48	5_48.pdb
254	40.83891900184649	-30.987159393996464	-23.560175199426332	-7.426984194570133	0.0	6	100	6_100.pdb
255	40.864757050505204	-31.532293823171543	-26.896096780328307	-4.636197042843235	0.0	8	50	8_50.pdb
256	40.89237995687424	-28.963002433107818	-24.846465726056966	-4.116536707050853	0.0	10	8	10_8.pdb
257	40.9353134765685	-24.028949553948983	-19.98967237196957	-4.039277181979417	0.0	3	34	3_34.pdb
258	40.97954945612615	-28.484705373956974	-25.345093076591215	-3.139612297365759	0.0	7	57	7_57.pdb
259	40.98944874128103	-25.09428842081828	-18.339038501526517	-6.755249919291765	0.0	3	43	3_43.pdb
260	41.048774666771614	-25.30099154019432	-22.487678983284425	-2.8133125569098967	0.0	10	2	10_2.pdb
261	41.060753789872855	-30.641071041725578	-26.26561448499942	-4.375456556726157	0.0	4	55	4_55.pdb
262	41.1154540455813	-28.600111893738372	-24.210169952786348	-4.389941940952026	0.0	7	16	7_16.pdb
263	41.12108549066896	-27.322466574517374	-24.4627246501175	-2.8597419243998745	0.0	5	19	5_19.pdb
264	41.123197803500624	-29.67097929136722	-22.501222130846536	-7.169757160520686	0.0	8	34	8_34.pdb
265	41.21834876702385	-24.772668160942125	-20.06418353761206	-4.708484623330066	0.0	1	93	1_93.pdb
266	41.23646551212984	-27.806692046889925	-26.00306013602199	-1.8036319108679355	0.0	5	24	5_24.pdb
267	41.3012283833443	-27.90684294107911	-24.758133760330633	-3.1487091807484773	0.0	7	31	7_31.pdb
268	41.32969492851238	-28.96955126710379	-24.853903721905805	-4.115647545197984	0.0	10	45	10_45.pdb
269	41.38716836325966	-23.299224770063546	-21.11956497490516	-2.1796597951583845	0.0	1	92	1_92.pdb
270	41.40745935386096	-29.774684143301855	-25.3308340211963	-4.443850122105557	0.0	4	79	4_79.pdb
271	41.48017587297855	-26.37304192772362	-23.350094219335592	-3.0229477083880276	0.0	9	57	9_57.pdb
272	41.49711948174765	-26.418402026017908	-23.955051215311585	-2.463350810706325	0.0	10	43	10_43.pdb
273	41.567358044948755	-25.39634754528874	-20.170153614786287	-5.226193930502456	0.0	1	35	1_35.pdb
274	41.60307912210806	-24.026192512534386	-22.563855809140907	-1.4623367033934804	0.0	1	6	1_6.pdb
275	41.6170503255658	-27.444312825524378	-25.24674942672748	-2.197563398796899	0.0	9	9	9_9.pdb
276	41.6533608503994	-27.487372062112335	-21.312720420313585	-6.174651641798751	0.0	10	70	10_70.pdb
277	41.677111587788836	-22.77129703402631	-23.139431737820228	0.3681347037939178	0.0	2	20	2_20.pdb
278	41.77009182966311	-27.879098468415343	-25.99065667822122	-1.8884417901941233	0.0	1	20	1_20.pdb
279	41.787065071617455	-23.634612173023427	-21.32494583961623	-2.3096663334071983	0.0	8	5	8_5.pdb
280	41.87570150934811	-24.664300270856877	-20.186522445060504	-4.477777825796373	0.0	2	68	2_68.pdb
281	41.951724379675646	-25.74537427215483	-21.633056358205458	-4.112317913949371	0.0	8	35	8_35.pdb
282	42.14738204401404	-24.476674228547182	-23.162081671610256	-1.3145925569369268	0.0	1	79	1_79.pdb
283	42.15914068978932	-24.546802363038594	-22.15972877703307	-2.3870735860055223	0.0	7	32	7_32.pdb
284	42.217362076273005	-24.476313425466305	-23.555049442387187	-0.9212639830791169	0.0	9	6	9_6.pdb
285	42.224620868821226	-28.06986563420795	-25.32593133154611	-2.74393430266184	0.0	5	1	5_1.pdb
286	42.253727405400525	-24.83093770600027	-24.592913804233042	-0.23802390176722965	0.0	2	1	2_1.pdb
287	42.282891616665474	-22.9398190240799	-20.148906295040728	-2.790912729039171	0.0	3	16	3_16.pdb
288	42.305136507062954	-26.840362608066982	-22.90528830645731	-3.9350743016096725	0.0	7	36	7_36.pdb
289	42.31266334027299	-23.19458627411973	-19.39495039318797	-3.799635880931759	0.0	8	33	8_33.pdb
290	42.33119595187348	-26.346122384855953	-24.396330174375404	-1.9497922104805494	0.0	6	69	6_69.pdb
291	42.331713786611935	-28.1149443869705	-23.775797671798557	-4.339146715171941	0.0	10	12	10_12.pdb
292	42.34103296860439	-25.09086444707922	-21.905887048652875	-3.1849773984263448	0.0	4	32	4_32.pdb
293	42.35015479932304	-22.85416369617038	-20.84749509871972	-2.006668597450663	0.0	2	63	2_63.pdb
294	42.358024451360365	-27.551146856969346	-26.35164375711707	-1.1995030998522758	0.0	8	66	8_66.pdb
295	42.358511070671945	-27.593331908304656	-22.761669662888757	-4.831662245415899	0.0	3	1	3_1.pdb
296	42.4202904559226	-28.10037975825176	-25.33673158682747	-2.7636481714242906	0.0	5	4	5_4.pdb
297	42.45670932612228	-29.115179802908116	-22.877429694028045	-6.237750108880072	0.0	8	73	8_73.pdb
298	42.50559509816455	-27.377607734489924	-19.872172427371293	-7.505435307118632	0.0	6	45	6_45.pdb
299	42.54844396353269	-28.46685815718515	-25.748138260020664	-2.718719897164488	0.0	1	59	1_59.pdb
300	42.55440202184794	-25.226960451339032	-22.833927996359538	-2.393032454979495	0.0	3	73	3_73.pdb
301	42.558142577820526	-24.414146414819946	-22.76567746239016	-1.6484689524297862	0.0	10	76	10_76.pdb
302	42.585501267814315	-27.046007535817473	-26.02276086837108	-1.023246667446392	0.0	4	99	4_99.pdb
303	42.58688627482822	-27.246327911258774	-21.75295414587409	-5.4933737653846855	0.0	3	69	3_69.pdb
304	42.66231189309186	-22.932740202692525	-18.631352757997337	-4.301387444695188	0.0	10	78	10_78.pdb
305	42.66605704753827	-24.31308563652872	-20.456218294181575	-3.8568673423471447	0.0	9	40	9_40.pdb
306	42.6665072495963	-22.865710165970633	-19.36435655766175	-3.5013536083088814	0.0	3	46	3_46.pdb
307	42.72967269090636	-24.18766232862056	-22.497844056496465	-1.689818272124095	0.0	1	15	1_15.pdb
308	42.767544289307125	-26.813363753603632	-24.54694075161459	-2.2664230019890423	0.0	2	58	2_58.pdb
309	42.80657459391372	-26.452976825053092	-24.138033916274626	-2.314942908778466	0.0	10	79	10_79.pdb
310	42.846699333947974	-29.39000060508369	-24.832580501057414	-4.557420104026275	0.0	10	74	10_74.pdb
311	42.93496301819815	-25.33384222835955	-22.983955862481242	-2.3498863658783082	0.0	7	73	7_73.pdb
312	42.94383136499217	-27.099247873773166	-19.673364796075138	-7.425883077698027	0.0	5	79	5_79.pdb
313	43.06309677305856	-28.691707355120485	-24.4927224746231	-4.198984880497386	0.0	4	59	4_59.pdb
314	43.12158384526591	-25.540218740711335	-20.1961322420342	-5.344086498677136	0.0	1	54	1_54.pdb
315	43.178368410104575	-24.965730373239275	-26.45910618647045	1.4933758132311765	0.0	6	77	6_77.pdb
316	43.22232345350737	-28.557779025174142	-23.18299313224846	-5.374785892925684	0.0	2	22	2_22.pdb
317	43.22546714970281	-23.706054008133385	-20.34289339783731	-3.3631606102960756	0.0	8	52	8_52.pdb
318	43.27348169814913	-25.558426000359496	-20.532508504693293	-5.025917495666201	0.0	4	72	4_72.pdb
319	43.30013060241124	-25.466180732256852	-18.533086012273657	-6.933094719983196	0.0	6	66	6_66.pdb
320	43.300970595102015	-25.554931623089672	-20.340865169217793	-5.2140664538718795	0.0	10	49	10_49.pdb
321	43.3107270381599	-20.886946879399122	-15.640506570888592	-5.246440308510532	0.0	2	93	2_93.pdb
322	43.369938464287785	-26.14764029218346	-21.596583090193324	-4.551057201990136	0.0	2	76	2_76.pdb
323	43.383735801744294	-25.466446532166547	-21.76603989372622	-3.7004066384403265	0.0	7	12	7_12.pdb
324	43.385270007059155	-23.364415852783615	-20.940456837418846	-2.423959015364767	0.0	3	33	3_33.pdb
325	43.42631319555829	-26.611794877433752	-25.9886059758663	-0.6231889015674527	0.0	2	77	2_77.pdb
326	43.448767091947026	-26.887495799246075	-22.297316264939845	-4.590179534306229	0.0	4	1	4_1.pdb
327	43.495143507753255	-26.45454730865263	-24.668839774801537	-1.7857075338510917	0.0	10	100	10_100.pdb
328	43.547323018136716	-26.42245394823067	-21.986772476985323	-4.43568147124535	0.0	4	66	4_66.pdb
329	43.593268039545514	-21.39651431168939	-20.393362230496887	-1.0031520811925043	0.0	2	66	2_66.pdb
330	43.6305830504761	-25.608327352570704	-23.616196567228787	-1.9921307853419188	0.0	5	47	5_47.pdb
331	43.64720731839414	-21.250376578047756	-16.7264876525532	-4.523888925494557	0.0	2	62	2_62.pdb
332	43.654933740540244	-25.429040228684254	-18.152215438322735	-7.276824790361521	0.0	2	99	2_99.pdb
333	43.66838071033057	-20.782206669913933	-19.845558689768563	-0.9366479801453682	0.0	3	41	3_41.pdb
334	43.67591389578428	-24.389214980200318	-22.45598754342803	-1.9332274367722895	0.0	1	70	1_70.pdb
335	43.79147027551251	-23.80819453152677	-22.06577248705475	-1.742422044472018	0.0	10	29	10_29.pdb
336	43.80049137548212	-31.438870820959014	-24.951762056236173	-6.487108764722841	0.0	6	84	6_84.pdb
337	43.86078991126129	-24.242794824753222	-21.906788920232632	-2.336005904520591	0.0	6	41	6_41.pdb
338	43.87474801291232	-22.033808480341097	-21.823122648356335	-0.2106858319847622	0.0	5	31	5_31.pdb
339	43.90777543664752	-25.769211513664377	-19.16465120666508	-6.604560306999297	0.0	1	80	1_80.pdb
340	43.94616439295535	-23.422701592703618	-18.315555567645145	-5.107146025058472	0.0	3	71	3_71.pdb
341	43.9496238514591	-26.57626688315805	-24.21353447564583	-2.362732407512219	0.0	7	81	7_81.pdb
342	43.973370007363044	-23.14990977938073	-22.95946352803663	-0.1904462513441032	0.0	4	97	4_97.pdb
343	44.02481186431062	-24.52411525349543	-24.632427308246985	0.10831205475155237	0.0	6	51	6_51.pdb
344	44.05821585618089	-21.333505622089444	-21.61501587336523	0.28151025127578766	0.0	2	29	2_29.pdb
345	44.134484106477515	-24.72761659706005	-23.553492397330757	-1.17412419972929	0.0	5	22	5_22.pdb
346	44.140718832069666	-22.475791689608105	-19.175948201572513	-3.2998434880355902	0.0	3	5	3_5.pdb
347	44.14434692578871	-25.459144118623158	-20.270724785172444	-5.188419333450714	0.0	5	40	5_40.pdb
348	44.1479535796383	-23.3452611376925	-21.847052228206323	-1.4982089094861777	0.0	4	16	4_16.pdb
349	44.16393411788138	-23.016204596753383	-15.346510127591344	-7.669694469162037	0.0	9	55	9_55.pdb
350	44.18454293292835	-20.884513051610863	-22.338270038581197	1.4537569869703337	0.0	10	92	10_92.pdb
351	44.29778756295881	-26.139381621148768	-23.50622867430238	-2.6331529468463883	0.0	2	60	2_60.pdb
352	44.3327042217616	-28.85852657743071	-21.58675304136754	-7.271773536063169	0.0	7	6	7_6.pdb
353	44.384241644967	-21.960476452571395	-18.926924161858793	-3.0335522907126022	0.0	1	2	1_2.pdb
354	44.406283392505046	-23.088821591194385	-18.33659901246389	-4.752222578730497	0.0	4	23	4_23.pdb
355	44.44994759626462	-24.481749738006044	-22.59207038342584	-1.889679354580207	0.0	2	2	2_2.pdb
356	44.463287160603464	-24.682698634520122	-25.228361215343607	0.5456625808234845	0.0	5	39	5_39.pdb
357	44.554030632290235	-22.333465454911934	-21.835454065527465	-0.4980113893844682	0.0	2	16	2_16.pdb
358	44.56120084574141	-27.61819048177581	-24.842889460224264	-2.7753010215515452	0.0	10	68	10_68.pdb
359	44.66393308495902	-24.997358011559548	-22.52968845877536	-2.4676695527841868	0.0	4	67	4_67.pdb
360	44.6958369924957	-26.95119233902462	-20.798207561866107	-6.152984777158512	0.0	5	65	5_65.pdb
361	44.73625140854018	-24.604783489955697	-20.778947550671614	-3.825835939284084	0.0	4	31	4_31.pdb
362	44.73703393861952	-24.51284572494471	-21.825454782714807	-2.6873909422299054	0.0	9	87	9_87.pdb
363	44.82069204216156	-25.390842675869408	-24.11002354860179	-1.2808191272676148	0.0	10	62	10_62.pdb
364	44.847863273424394	-21.694042003708176	-22.302015303610087	0.6079732999019116	0.0	2	94	2_94.pdb
365	44.848698017183914	-29.53974006025426	-23.266850395790687	-6.272889664463571	0.0	7	19	7_19.pdb
366	44.887973788963464	-22.03715224306446	-17.967053865897885	-4.070098377166575	0.0	10	17	10_17.pdb
367	44.90660576264765	-24.947757598946936	-18.97533372985389	-5.972423869093044	0.0	1	68	1_68.pdb
368	44.936314214338644	-20.31569735211306	-20.998422440518958	0.6827250884059003	0.0	2	48	2_48.pdb
369	44.981442724072465	-21.328513911651147	-21.342946513239596	0.014432601588450167	0.0	1	58	1_58.pdb
370	45.15326719378523	-21.418747938719488	-20.142564064073994	-1.2761838746454925	0.0	9	80	9_80.pdb
371	45.15756656048679	-22.95013198598155	-21.91358047110613	-1.0365515148754207	0.0	5	97	5_97.pdb
372	45.16888827271265	-24.464543278311908	-24.39518785510419	-0.06935542320771737	0.0	7	18	7_18.pdb
373	45.20299036829655	-29.69504176561312	-24.62943321343799	-5.065608552175128	0.0	5	33	5_33.pdb
374	45.26091677561201	-22.910079002741647	-23.17433643135348	0.2642574286118364	0.0	7	97	7_97.pdb
375	45.26683647214019	-24.703204552937613	-20.56072405906352	-4.1424804938740944	0.0	4	45	4_45.pdb
376	45.29923264257352	-22.539835353195123	-18.41235633148647	-4.127479021708651	0.0	10	87	10_87.pdb
377	45.30534772727511	-26.20939279863905	-25.46404336477879	-0.7453494338602633	0.0	6	12	6_12.pdb
378	45.330426192583246	-23.7238546215927	-19.603662125680916	-4.120192495911784	0.0	4	35	4_35.pdb
379	45.36199050271588	-24.77348287115567	-22.878251542410403	-1.895231328745268	0.0	4	2	4_2.pdb
380	45.3666886659772	-22.99150114423103	-20.397728019046625	-2.5937731251844065	0.0	10	90	10_90.pdb
381	45.40900591557891	-22.279541312706847	-16.55688679763088	-5.722654515075966	0.0	10	33	10_33.pdb
382	45.409422389050945	-31.68325240207685	-25.592759772419715	-6.090492629657136	0.0	9	94	9_94.pdb
383	45.43027573636832	-23.747031463155828	-19.544827729278527	-4.202203733877303	0.0	4	61	4_61.pdb
384	45.44912484901831	-25.6771173051151	-26.13494323424091	0.45782592912581155	0.0	4	9	4_9.pdb
385	45.45645152218965	-21.691332280435628	-20.20220392243416	-1.4891283580014696	0.0	8	32	8_32.pdb
386	45.469845790109396	-21.998901398515436	-19.330956728192575	-2.667944670322859	0.0	7	39	7_39.pdb
387	45.479120522073565	-21.59013120709073	-18.027447652193946	-3.562683554896786	0.0	7	62	7_62.pdb
388	45.52662251138056	-24.613091676455863	-19.257620284200247	-5.355471392255615	0.0	4	89	4_89.pdb
389	45.572603652191255	-24.30453433538696	-18.934297243602412	-5.370237091784551	0.0	2	98	2_98.pdb
390	45.592869415227845	-24.496247830813356	-22.62360546647973	-1.872642364333624	0.0	10	5	10_5.pdb
391	45.641239885717276	-21.800690160419816	-21.819096650372337	0.01840648995252217	0.0	7	65	7_65.pdb
392	45.64377557790217	-22.05732191589921	-22.87301853889036	0.8156966229911502	0.0	7	23	7_23.pdb
393	45.727262109818426	-22.63577739051955	-19.22751486315391	-3.4082625273656393	0.0	3	57	3_57.pdb
394	45.778334711587306	-24.037557327970518	-19.183319500855273	-4.854237827115245	0.0	1	11	1_11.pdb
395	45.79578635796773	-26.233371591920367	-23.367690726784925	-2.8656808651354417	0.0	4	70	4_70.pdb
396	45.82020382900007	-22.670832018658867	-21.754981270764233	-0.9158507478946327	0.0	6	3	6_3.pdb
397	45.825486085385435	-23.154928584893412	-16.759416223844177	-6.395512361049235	0.0	1	16	1_16.pdb
398	45.846381557993276	-21.997691969325196	-21.318530670800378	-0.6791612985248181	0.0	8	14	8_14.pdb
399	45.86386551611901	-24.98979048677966	-22.966729636798192	-2.023060849981468	0.0	6	79	6_79.pdb
400	45.90987057468702	-21.82380433548356	-21.38673907096417	-0.43706526451939043	0.0	3	29	3_29.pdb
401	45.91464702153232	-21.567731534483265	-19.19501220575957	-2.3727193287236936	0.0	1	56	1_56.pdb
402	45.98427733721766	-21.533377187835573	-19.763794871163743	-1.7695823166718287	0.0	9	3	9_3.pdb
403	46.02252063717339	-24.6296278390759	-22.119917454489876	-2.5097103845860236	0.0	4	46	4_46.pdb
404	46.068675055201844	-24.927838136244137	-20.030273919251808	-4.897564216992329	0.0	2	23	2_23.pdb
405	46.091158301823924	-21.353055182086948	-19.608610125015247	-1.7444450570716996	0.0	1	4	1_4.pdb
406	46.13436310579121	-23.04835462844632	-17.584855067414118	-5.463499561032201	0.0	2	15	2_15.pdb
407	46.15130560894651	-30.193845907474106	-24.35264117556799	-5.841204731906116	0.0	3	13	3_13.pdb
408	46.19204877934686	-24.52403938983228	-23.791421589129126	-0.7326178007031523	0.0	9	71	9_71.pdb
409	46.192822046838295	-23.197485002136542	-21.168690101943156	-2.0287949001933856	0.0	4	63	4_63.pdb
410	46.1984203064196	-23.03008491342515	-22.44447165330568	-0.5856132601194686	0.0	3	93	3_93.pdb
411	46.21111445774089	-20.98412781828434	-16.988687642013915	-3.995440176270423	0.0	6	30	6_30.pdb
412	46.25529505148022	-24.520497798964456	-22.84339670955471	-1.6771010894097458	0.0	3	17	3_17.pdb
413	46.26692314062605	-24.009211446347123	-19.68282440417262	-4.326387042174503	0.0	5	66	5_66.pdb
414	46.34119866395029	-23.70573333397096	-21.374068456543252	-2.3316648774277087	0.0	5	99	5_99.pdb
415	46.356015151348494	-21.745498074164765	-22.161521676146904	0.41602360198213983	0.0	5	72	5_72.pdb
416	46.39293543508792	-26.481293711671544	-23.738384193588224	-2.7429095180833185	0.0	4	82	4_82.pdb
417	46.47650744312746	-21.55117855265744	-18.224524610273907	-3.3266539423835315	0.0	8	13	8_13.pdb
418	46.49377576159363	-25.164067475545295	-19.416013002381785	-5.748054473163512	0.0	5	88	5_88.pdb
419	46.49728743772046	-26.539401252013846	-20.199243853224523	-6.340157398789322	0.0	4	12	4_12.pdb
420	46.499457571137874	-19.439528695101846	-18.75842633850166	-0.6811023566001837	0.0	10	93	10_93.pdb
421	46.506222342063886	-21.487316054062685	-19.360229206912187	-2.1270868471504967	0.0	7	11	7_11.pdb
422	46.52022843831714	-24.028209267531217	-17.109442887336066	-6.9187663801951516	0.0	7	68	7_68.pdb
423	46.5315246715156	-24.398765222439657	-18.962857858352447	-5.43590736408721	0.0	3	55	3_55.pdb
424	46.54128442177288	-20.789097666210324	-14.341315571676969	-6.447782094533356	0.0	7	67	7_67.pdb
425	46.56406066242502	-22.027839079407183	-18.352537211959923	-3.675301867447259	0.0	1	67	1_67.pdb
426	46.6894980202608	-25.797173113264602	-24.410471655853925	-1.3867014574106773	0.0	10	61	10_61.pdb
427	46.71289863540195	-24.2950999419654	-22.662763386233486	-1.6323365557319138	0.0	10	35	10_35.pdb
428	46.71557945089209	-20.69886751114104	-17.873128139804006	-2.8257393713370336	0.0	7	95	7_95.pdb
429	46.72839511744343	-26.571759132307026	-24.606975499818994	-1.9647836324880337	0.0	3	8	3_8.pdb
430	46.80544523358159	-18.72534904657473	-19.322766723271688	0.5974176766969569	0.0	3	60	3_60.pdb
431	46.85940839704566	-24.5512134920032	-20.779866362634447	-3.7713471293687535	0.0	8	75	8_75.pdb
432	46.8646459752931	-26.450986077263387	-19.342760353856125	-7.10822572340726	0.0	4	6	4_6.pdb
433	46.8796421175918	-20.314687283330063	-15.349641606735057	-4.965045676595005	0.0	8	80	8_80.pdb
434	46.895680111853224	-23.194607026365222	-19.142558020336995	-4.052049006028226	0.0	4	14	4_14.pdb
435	46.95741963429548	-22.824049654445744	-20.298600107845413	-2.5254495466003317	0.0	7	9	7_9.pdb
436	46.984809690245775	-22.643881329857745	-21.417655533166442	-1.2262257966913026	0.0	5	53	5_53.pdb
437	47.01658585348541	-23.01679244241555	-17.812021563010415	-5.204770879405135	0.0	8	82	8_82.pdb
438	47.0224522644594	-23.079140554342782	-20.85268854495491	-2.226452009387875	0.0	10	80	10_80.pdb
439	47.03338823318013	-24.067300953371248	-19.822307094775788	-4.2449938585954605	0.0	1	14	1_14.pdb
440	47.045330021514886	-17.66888491940789	-15.086164785889602	-2.5827201335182877	0.0	8	85	8_85.pdb
441	47.191520272047086	-22.58387793879823	-19.31015875647014	-3.273719182328091	0.0	6	74	6_74.pdb
442	47.21321605298335	-28.233874593856434	-22.487620818591402	-5.74625377526503	0.0	10	82	10_82.pdb
443	47.21854037486012	-18.564183490227343	-15.026220193329715	-3.5379632968976282	0.0	9	68	9_68.pdb
444	47.223678193893704	-26.80043613314115	-22.30378705446748	-4.496649078673669	0.0	3	96	3_96.pdb
445	47.23091484370423	-17.980686717849995	-14.519680410751139	-3.461006307098857	0.0	2	35	2_35.pdb
446	47.3621914195788	-25.582050568310812	-17.958402228745975	-7.623648339564836	0.0	3	59	3_59.pdb
447	47.44471849774794	-22.89165895332178	-19.826418001161727	-3.065240952160053	0.0	7	69	7_69.pdb
448	47.484467441142165	-25.26268416669233	-22.720241918820733	-2.5424422478715973	0.0	10	64	10_64.pdb
449	47.49983831318775	-22.352909906844292	-19.75693251131543	-2.595977395528863	0.0	8	98	8_98.pdb
450	47.502129618724	-23.11919785526011	-21.83167042791431	-1.2875274273458006	0.0	5	46	5_46.pdb
451	47.56103037266154	-26.454910009404234	-23.680933490795862	-2.7739765186083707	0.0	2	26	2_26.pdb
452	47.62816806160292	-22.865967036898766	-19.07993414678366	-3.786032890115107	0.0	6	46	6_46.pdb
453	47.63931504023115	-24.441243352185037	-17.068486490069354	-7.372756862115684	0.0	2	4	2_4.pdb
454	47.64101387217613	-19.287607980080683	-15.57642647338178	-3.7111815066989022	0.0	1	10	1_10.pdb
455	47.678006951101544	-20.634299832342528	-20.264020552191415	-0.3702792801511137	0.0	9	99	9_99.pdb
456	47.71077499389205	-22.31197009376836	-20.776620549695522	-1.5353495440728369	0.0	3	24	3_24.pdb
457	47.73213703077116	-21.950225007941434	-19.433653962618568	-2.516571045322867	0.0	9	19	9_19.pdb
458	47.77682678554896	-22.915352652069675	-19.764412733141903	-3.1509399189277723	0.0	2	19	2_19.pdb
459	47.80234807048893	-24.989043090279043	-22.63030882804455	-2.3587342622344933	0.0	4	27	4_27.pdb
460	47.972014229502776	-19.11922254157632	-15.38221372062383	-3.737008820952493	0.0	2	87	2_87.pdb
461	47.99922432629512	-20.82693695454122	-17.856747211581034	-2.970189742960187	0.0	5	76	5_76.pdb
462	48.0040309621842	-25.67233717178216	-24.473437086367607	-1.1989000854145533	0.0	7	35	7_35.pdb
463	48.04103644079072	-20.684368692183085	-19.32092108930355	-1.3634476028795344	0.0	9	13	9_13.pdb
464	48.06019718777706	-22.967714764539483	-19.438181558854055	-3.5295332056854294	0.0	10	30	10_30.pdb
465	48.09308393810078	-22.77789084130826	-23.41887642059662	0.6409855792883628	0.0	2	45	2_45.pdb
466	48.1038406693194	-20.993579979087265	-14.59305154496879	-6.400528434118477	0.0	9	53	9_53.pdb
467	48.108748675993425	-25.189517799151215	-18.36530531973784	-6.824212479413377	0.0	5	10	5_10.pdb
468	48.17294129911072	-19.82515577376933	-18.986768904473596	-0.8383868692957321	0.0	2	44	2_44.pdb
469	48.21163479114453	-22.147496353865748	-15.981254421205897	-6.166241932659851	0.0	7	76	7_76.pdb
470	48.221890896505364	-23.41971207518204	-17.57931966037828	-5.840392414803759	0.0	1	97	1_97.pdb
471	48.24203619324467	-26.162892693917026	-22.16907503915229	-3.993817654764738	0.0	5	16	5_16.pdb
472	48.31351398712815	-22.282128421571148	-19.66692437878756	-2.615204042783589	0.0	3	31	3_31.pdb
473	48.32279377885609	-22.48618248326346	-19.236938071337427	-3.2492444119260315	0.0	10	23	10_23.pdb
474	48.42632652907446	-17.63456060048623	-14.289778720433107	-3.344781880053121	0.0	3	62	3_62.pdb
475	48.54603193487388	-19.46723464157135	-15.954121742724425	-3.5131128988469236	0.0	8	30	8_30.pdb
476	48.55626561944175	-18.3730518261336	-15.281535477205153	-3.0915163489284465	0.0	7	56	7_56.pdb
477	48.66320918442181	-21.991813913626626	-19.18090963105843	-2.8109042825681945	0.0	6	9	6_9.pdb
478	48.68939699507006	-19.738647489242513	-16.543629794448005	-3.1950176947945077	0.0	3	45	3_45.pdb
479	48.723702649261924	-22.825683772356285	-21.11981602925351	-1.7058677431027753	0.0	6	35	6_35.pdb
480	48.734456632192924	-22.960472505909088	-20.29510297092525	-2.6653695349838378	0.0	2	83	2_83.pdb
481	48.809517229448154	-18.677578672112965	-15.8049077773955	-2.8726708947174644	0.0	3	44	3_44.pdb
482	48.84590046120434	-21.64582383927642	-16.45652036268755	-5.189303476588871	0.0	7	1	7_1.pdb
483	48.85145880295663	-18.51496254471452	-13.564303132943847	-4.950659411770674	0.0	3	90	3_90.pdb
484	48.881243461970094	-23.447433607985065	-16.64796667526411	-6.7994669327209545	0.0	1	41	1_41.pdb
485	48.89149242491037	-23.20494528331318	-20.330417535124937	-2.8745277481882425	0.0	9	20	9_20.pdb
486	48.89493551288878	-20.229923379103766	-14.9997485749878	-5.230174804115965	0.0	9	83	9_83.pdb
487	48.90146043893043	-22.182923342551746	-20.83562388351502	-1.3472994590367258	0.0	2	75	2_75.pdb
488	48.94456419299006	-19.707258655395666	-18.193911795594865	-1.5133468598008015	0.0	7	74	7_74.pdb
489	48.96963371536124	-17.744644848836217	-14.423761249477518	-3.3208835993586967	0.0	9	75	9_75.pdb
490	48.99594852688301	-18.384083953201436	-14.694020474424233	-3.690063478777204	0.0	9	7	9_7.pdb
491	49.05373503337172	-17.432232635234303	-17.332493693414996	-0.09973894181930576	0.0	6	72	6_72.pdb
492	49.082313283788864	-18.02166815640373	-14.99980611720118	-3.021862039202552	0.0	6	89	6_89.pdb
493	49.12939471416353	-19.748584652835426	-15.190737742082002	-4.557846910753424	0.0	4	94	4_94.pdb
494	49.140042506795595	-21.02990911779156	-20.5672062996008	-0.46270281819076003	0.0	2	80	2_80.pdb
495	49.17756655363075	-28.22344097931902	-22.708511562757444	-5.514929416561574	0.0	2	69	2_69.pdb
496	49.3397366590662	-23.99747516854155	-22.103316215880895	-1.8941589526606533	0.0	4	30	4_30.pdb
497	49.34339682448746	-23.33036352801665	-20.66356074757706	-2.666802780439594	0.0	8	67	8_67.pdb
498	49.50556225569741	-19.05536359849286	-14.929883512854811	-4.125480085638049	0.0	6	18	6_18.pdb
499	49.51767939592887	-16.081436823257647	-12.47627732475392	-3.6051594985037294	0.0	10	4	10_4.pdb
500	49.52063455765549	-22.41442480676239	-16.268858169406002	-6.145566637356388	0.0	7	51	7_51.pdb
501	49.562394608027084	-16.817261596552875	-15.609682819781561	-1.2075787767713133	0.0	7	63	7_63.pdb
502	49.59603701672449	-21.36049085003244	-17.682784936736645	-3.677705913295796	0.0	9	1	9_1.pdb
503	49.628553392340315	-16.665291963559604	-14.558700722067124	-2.106591241492481	0.0	9	5	9_5.pdb
504	49.64023486705275	-20.673323666728788	-20.445270023423166	-0.22805364330562172	0.0	10	10	10_10.pdb
505	49.65337694400735	-19.80625092250275	-15.957061808663557	-3.8491891138391896	0.0	1	73	1_73.pdb
506	49.667132090917036	-21.44238058803754	-15.993617045734084	-5.448763542303457	0.0	7	82	7_82.pdb
507	49.83028994351085	-23.376425953878076	-18.627097641785188	-4.749328312092887	0.0	8	93	8_93.pdb
508	49.83718512878608	-21.13956168851061	-16.672712643801884	-4.466849044708728	0.0	10	21	10_21.pdb
509	49.83790519825154	-21.978444542737357	-22.987257352566836	1.0088128098294789	0.0	2	86	2_86.pdb
510	49.848247654888205	-19.5996887217502	-19.34101537032377	-0.2586733514264298	0.0	4	42	4_42.pdb
511	49.851891017674134	-22.46704113494992	-20.595555584901998	-1.871485550047923	0.0	9	95	9_95.pdb
512	49.873256517493935	-18.251866053896926	-14.949950081481234	-3.3019159724156926	0.0	8	3	8_3.pdb
513	49.87563556518278	-17.038470335466915	-16.447828755184457	-0.590641580282457	0.0	9	42	9_42.pdb
514	49.885970374023316	-20.693014735831213	-12.841117766655602	-7.851896969175613	0.0	2	51	2_51.pdb
515	49.92989195667742	-18.213432776017708	-14.951586339983237	-3.261846436034472	0.0	7	71	7_71.pdb
516	50.045135357436024	-18.95815627323762	-15.915412193228445	-3.042744080009175	0.0	9	96	9_96.pdb
517	50.049701794825324	-20.29086166200865	-18.303461118894624	-1.9874005431140245	0.0	3	40	3_40.pdb
518	50.095398888708715	-19.688729258212266	-20.195113674271475	0.5063844160592093	0.0	1	85	1_85.pdb
519	50.136279122460685	-18.61000272029241	-16.479924592714667	-2.1300781275777423	0.0	6	94	6_94.pdb
520	50.17535596060818	-24.187669432714053	-20.72869577111829	-3.458973661595762	0.0	5	17	5_17.pdb
521	50.21107855273094	-22.413808181344677	-20.12499868153334	-2.288809499811334	0.0	9	11	9_11.pdb
522	50.22178178450039	-19.029112843730417	-15.819159889505439	-3.2099529542249767	0.0	1	77	1_77.pdb
523	50.35329355050658	-23.381448045220395	-19.950698777458822	-3.4307492677615725	0.0	3	84	3_84.pdb
524	50.393795011599664	-19.450855891789633	-15.735753434415319	-3.7151024573743157	0.0	8	24	8_24.pdb
525	50.420681556987056	-16.689972216731796	-14.664949292748034	-2.0250229239837605	0.0	3	36	3_36.pdb
526	50.42574509049501	-17.521362257590372	-14.740586470511392	-2.7807757870789787	0.0	10	84	10_84.pdb
527	50.44754426020277	-24.249664222660613	-20.37276940326912	-3.876894819391491	0.0	4	47	4_47.pdb
528	50.495692218745276	-22.26309678987988	-16.388625531464886	-5.874471258414997	0.0	1	61	1_61.pdb
529	50.49720462523756	-17.64850079747228	-14.749969122365375	-2.8985316751069075	0.0	9	16	9_16.pdb
530	50.497756378905585	-16.52233181291218	-14.486630096864667	-2.0357017160475137	0.0	4	81	4_81.pdb
531	50.500408267655885	-17.35295265949734	-16.172501190304526	-1.180451469192814	0.0	2	89	2_89.pdb
532	50.504268353993155	-26.321391944999085	-18.943172768943104	-7.37821917605598	0.0	3	18	3_18.pdb
533	50.51564451273974	-19.477710967489088	-14.977274566160231	-4.500436401328859	0.0	2	56	2_56.pdb
534	50.54154508761882	-19.41941179491248	-16.320479588777825	-3.0989322061346565	0.0	5	58	5_58.pdb
535	50.559446768668536	-24.030705288991662	-17.405490701875006	-6.625214587116657	0.0	4	50	4_50.pdb
536	50.56995089772243	-22.693771735346864	-18.453714020921872	-4.240057714424991	0.0	3	25	3_25.pdb
537	50.621183352725005	-19.94181449081645	-15.303385957205046	-4.638428533611406	0.0	1	25	1_25.pdb
538	50.624852066876144	-17.385022183228124	-15.315739612342224	-2.0692825708859015	0.0	10	94	10_94.pdb
539	50.64292645019017	-19.618709164480467	-17.857877145724267	-1.7608320187562014	0.0	4	26	4_26.pdb
540	50.65537702110588	-22.290284576117216	-20.645174373784666	-1.6451102023325481	0.0	6	4	6_4.pdb
541	50.66393036173123	-15.724822946133719	-11.048939279668263	-4.675883666465456	0.0	10	89	10_89.pdb
542	50.702442192462186	-16.633799002262943	-14.525113176200419	-2.1086858260625236	0.0	10	36	10_36.pdb
543	50.71833850243661	-23.072062044492146	-16.1969656071607	-6.875096437331447	0.0	1	51	1_51.pdb
544	50.74472320360681	-23.39786150814886	-17.82440716821308	-5.573454339935779	0.0	10	52	10_52.pdb
545	50.75598863652864	-22.493384237443028	-20.83457941002031	-1.6588048274227154	0.0	3	53	3_53.pdb
546	50.76500243294936	-17.875925123332514	-17.382177798551798	-0.4937473247807169	0.0	10	63	10_63.pdb
547	50.77716447591813	-19.394492419799118	-17.795845358874544	-1.5986470609245735	0.0	3	72	3_72.pdb
548	50.81465496128548	-20.32497470780577	-14.791429588881087	-5.533545118924683	0.0	3	89	3_89.pdb
549	50.835905395431396	-21.328558420465694	-16.271935095836334	-5.05662332462936	0.0	4	77	4_77.pdb
550	50.84474865861076	-24.758775283261286	-22.912845884445492	-1.845929398815794	0.0	3	48	3_48.pdb
551	50.862079249224394	-20.23810091989856	-19.109416701661434	-1.1286842182371248	0.0	9	35	9_35.pdb
552	50.93656647473251	-22.215425587744214	-19.14288629952072	-3.0725392882234948	0.0	5	3	5_3.pdb
553	51.02135802074357	-21.229423141885512	-18.586406573405334	-2.6430165684801787	0.0	6	71	6_71.pdb
554	51.05731935270718	-18.45466516637841	-16.143730827522436	-2.310934338855973	0.0	2	38	2_38.pdb
555	51.05885989364586	-21.46877845392504	-19.16118032772542	-2.307598126199622	0.0	2	71	2_71.pdb
556	51.08046697045786	-17.859133885834456	-18.556096011316956	0.6969621254824984	0.0	1	66	1_66.pdb
557	51.101616181798015	-25.524240563149142	-23.32641076674448	-2.1978297964046623	0.0	4	39	4_39.pdb
558	51.25485267613652	-19.29071741373727	-16.250692025461372	-3.0400253882758967	0.0	9	27	9_27.pdb
559	51.26309684951737	-21.431355529072288	-20.235714319381398	-1.1956412096908913	0.0	10	3	10_3.pdb
560	51.26816656392859	-22.699284866615013	-20.126192626215907	-2.573092240399105	0.0	2	95	2_95.pdb
561	51.28136736766173	-18.641681474939816	-14.118498628585314	-4.5231828463545	0.0	3	28	3_28.pdb
562	51.3501566050095	-20.889961564028468	-15.285043877193756	-5.604917686834712	0.0	3	26	3_26.pdb
563	51.47593574434368	-18.981116221515627	-13.554087790174924	-5.427028431340702	0.0	3	87	3_87.pdb
564	51.50762343352751	-15.654498177678018	-13.63044740667778	-2.0240507710002396	0.0	2	64	2_64.pdb
565	51.52573085647646	-16.058810545393438	-14.216314319006868	-1.8424962263865712	0.0	9	64	9_64.pdb
566	51.603024694702924	-21.155180796852836	-17.939815851486394	-3.215364945366442	0.0	5	51	5_51.pdb
567	51.64317937933843	-23.705825083491114	-20.412592937231715	-3.2932321462593976	0.0	7	13	7_13.pdb
568	51.70108375679654	-18.928229746272603	-14.959819145455242	-3.96841060081736	0.0	2	46	2_46.pdb
569	51.715248776695596	-20.11947571273345	-20.015974204577184	-0.10350150815626703	0.0	9	93	9_93.pdb
570	51.771534723391724	-16.89972295722079	-14.936938978191549	-1.9627839790292394	0.0	2	65	2_65.pdb
571	51.7737984502201	-21.668473466610827	-15.195395386495992	-6.473078080114833	0.0	3	94	3_94.pdb
572	51.82584700907599	-23.178644731897524	-19.818675895142583	-3.3599688367549425	0.0	10	34	10_34.pdb
573	52.02428744770529	-20.045609648182577	-18.40599947407824	-1.6396101741043356	0.0	4	3	4_3.pdb
574	52.065451940909654	-16.958037357207388	-14.343542397774213	-2.6144949594331734	0.0	1	22	1_22.pdb
575	52.06923425173823	-18.77692713314662	-14.6530314184139	-4.123895714732721	0.0	4	92	4_92.pdb
576	52.09818724084779	-21.82830776692731	-17.373742363983595	-4.454565402943714	0.0	2	42	2_42.pdb
577	52.10432038490507	-17.092915357391952	-15.548387576102018	-1.5445277812899354	0.0	1	13	1_13.pdb
578	52.148554561092126	-18.54339790917976	-13.341906884504862	-5.2014910246748975	0.0	3	9	3_9.pdb
579	52.15249528490717	-17.981301994817347	-17.48406225771007	-0.49723973710727565	0.0	3	65	3_65.pdb
580	52.16282066793834	-25.670486290053084	-20.84729524334579	-4.823191046707293	0.0	4	29	4_29.pdb
581	52.243883826826426	-16.911510978945383	-16.628579031555876	-0.28293194738950755	0.0	2	13	2_13.pdb
582	52.24435293398359	-16.921432853108165	-13.56157219723239	-3.359860655875775	0.0	10	11	10_11.pdb
583	52.35652885649983	-21.416658615436155	-20.088606128561363	-1.3280524868747912	0.0	10	19	10_19.pdb
584	52.38989219416662	-18.14892103072584	-14.505351143436556	-3.643569887289285	0.0	4	40	4_40.pdb
585	52.45254031456762	-19.783415022554113	-16.230306785973603	-3.5531082365805107	0.0	4	90	4_90.pdb
586	52.46308879395336	-17.028127602813	-13.136724872559531	-3.8914027302534695	0.0	9	49	9_49.pdb
587	52.52124875881414	-20.12174215669718	-15.744543986676742	-4.377198170020438	0.0	8	92	8_92.pdb
588	52.66404683188726	-24.300156825103215	-23.14743125268872	-1.1527255724144965	0.0	3	42	3_42.pdb
589	52.664941039358254	-17.1556414768256	-16.35869638519336	-0.7969450916322415	0.0	5	73	5_73.pdb
590	52.669605070880735	-22.750968880309244	-18.588670136617758	-4.162298743691489	0.0	6	97	6_97.pdb
591	52.6892858498306	-23.225913626276874	-19.863733214882867	-3.3621804113940073	0.0	4	34	4_34.pdb
592	52.70370550226124	-25.283710610869804	-23.061649319844452	-2.222061291025353	0.0	5	14	5_14.pdb
593	52.7257790274235	-23.958681655217802	-20.857296512499033	-3.101385142718768	0.0	8	40	8_40.pdb
594	52.7518702444839	-17.031635517144533	-13.069870810141031	-3.9617647070035025	0.0	3	21	3_21.pdb
595	52.77731764236405	-16.407948902625197	-15.896178861103886	-0.5117700415213113	0.0	8	97	8_97.pdb
596	52.78617243167064	-15.791882634355101	-13.918098473216862	-1.8737841611382384	0.0	2	7	2_7.pdb
597	52.891282020243	-22.167246130847918	-19.275539056926213	-2.8917070739217037	0.0	4	69	4_69.pdb
598	52.89382237421851	-15.077791290546495	-15.615004835547396	0.5372135450009006	0.0	3	49	3_49.pdb
599	52.926901007563146	-20.48025991507507	-17.47215918413639	-3.0081007309386805	0.0	5	90	5_90.pdb
600	52.9295412612085	-20.832167245192895	-18.042514225101915	-2.78965302009098	0.0	6	56	6_56.pdb
601	52.931638620694685	-19.657288088103982	-14.928933390612498	-4.728354697491486	0.0	7	96	7_96.pdb
602	53.005979884917735	-24.330919886957005	-22.5354862133268	-1.7954336736302081	0.0	9	34	9_34.pdb
603	53.00766792574051	-21.04148398411505	-19.109109130782578	-1.9323748533324736	0.0	7	86	7_86.pdb
604	53.02900867385668	-18.936134226441958	-18.555898140428116	-0.3802360860138396	0.0	3	74	3_74.pdb
605	53.04105421340999	-17.48603670530288	-15.475201972743314	-2.0108347325595655	0.0	6	99	6_99.pdb
606	53.06153468584211	-14.608197359996836	-14.490249492149783	-0.11794786784705438	0.0	8	38	8_38.pdb
607	53.072136684120274	-18.57673718683301	-17.130845031687507	-1.4458921551455026	0.0	3	11	3_11.pdb
608	53.17675428243335	-15.264798327187506	-11.574382839535362	-3.690415487652145	0.0	2	81	2_81.pdb
609	53.197148916494285	-20.76038987890273	-16.964461046562754	-3.795928832339974	0.0	1	9	1_9.pdb
610	53.233012914742915	-25.89103991307854	-21.03065807739622	-4.860381835682319	0.0	7	93	7_93.pdb
611	53.24221201482727	-18.712841197921243	-14.78834651388739	-3.9244946840338546	0.0	1	48	1_48.pdb
612	53.255536048222595	-19.556711208919122	-17.576459104728613	-1.9802521041905088	0.0	6	44	6_44.pdb
613	53.28914587022576	-15.60073837655812	-10.496858101939635	-5.103880274618485	0.0	5	78	5_78.pdb
614	53.31925847920391	-20.799527403046454	-19.025205532393088	-1.7743218706533652	0.0	9	52	9_52.pdb
615	53.341025134193764	-15.789406310673648	-12.667458142915828	-3.1219481677578194	0.0	3	51	3_51.pdb
616	53.344196191056405	-19.759643909879617	-16.43056157538832	-3.329082334491296	0.0	2	33	2_33.pdb
617	53.40379383841837	-20.928480779889757	-17.99190093235354	-2.936579847536217	0.0	5	95	5_95.pdb
618	53.41002457291195	-19.380745923521342	-11.67995332786652	-7.700792595654821	0.0	3	98	3_98.pdb
619	53.41069387580761	-15.17439071956008	-11.875141483773358	-3.2992492357867214	0.0	10	75	10_75.pdb
620	53.41746468972693	-11.980858625636062	-10.382129806277367	-1.598728819358694	0.0	4	15	4_15.pdb
621	53.50547482995334	-13.177344727397267	-11.432821474483163	-1.7445232529141044	0.0	9	98	9_98.pdb
622	53.58227644918285	-21.37149610579758	-21.63348670546159	0.2619905996640105	0.0	2	8	2_8.pdb
623	53.5932962745094	-17.755724974643584	-14.60473616415369	-3.1509888104898924	0.0	2	57	2_57.pdb
624	53.630000927024355	-18.803305338460607	-15.855146889935028	-2.9481584485255787	0.0	5	86	5_86.pdb
625	53.68390317753992	-15.508068064329278	-12.102191061540971	-3.4058770027883067	0.0	1	43	1_43.pdb
626	53.68726849790785	-19.985282668282473	-19.1935647064843	-0.791717961798172	0.0	1	50	1_50.pdb
627	53.696648131467114	-23.196590572764936	-19.891500651268988	-3.305089921495948	0.0	8	2	8_2.pdb
628	53.69884816280549	-15.647029595862957	-14.30049860961871	-1.3465309862442467	0.0	6	85	6_85.pdb
629	53.80363250076817	-19.86193338927847	-16.747305601432966	-3.114627787845502	0.0	1	75	1_75.pdb
630	53.808274015941805	-16.566414146041097	-9.757337955913053	-6.809076190128043	0.0	3	38	3_38.pdb
631	53.813133005033535	-20.02027636931392	-22.055240582725396	2.034964213411478	0.0	1	33	1_33.pdb
632	53.884400536907435	-13.755009618118905	-11.740671531019482	-2.014338087099423	0.0	3	2	3_2.pdb
633	53.898649846250116	-18.274938202178184	-17.009341787588404	-1.2655964145897791	0.0	3	82	3_82.pdb
634	53.913614382592876	-15.242166056738792	-14.412271308624629	-0.8298947481141634	0.0	10	72	10_72.pdb
635	53.97396260585828	-13.327509957994742	-8.081434753007414	-5.246075204987327	0.0	9	23	9_23.pdb
636	53.99881999259912	-18.77735303840482	-16.318392619998342	-2.4589604184064777	0.0	6	29	6_29.pdb
637	54.04241769003523	-24.635559116730544	-22.609064156114698	-2.0264949606158447	0.0	6	17	6_17.pdb
638	54.069907903260834	-16.941693219925437	-15.834416482686493	-1.1072767372389432	0.0	8	74	8_74.pdb
639	54.09608182056005	-17.90037171070387	-16.610652646012237	-1.2897190646916321	0.0	6	81	6_81.pdb
640	54.11886792529519	-19.42272301788157	-16.205094263025586	-3.2176287548559825	0.0	6	1	6_1.pdb
641	54.134684224460386	-17.447250076639587	-14.956392906842922	-2.4908571697966657	0.0	9	28	9_28.pdb
642	54.19425263429736	-19.561308237106246	-16.88933548522506	-2.671972751881185	0.0	7	44	7_44.pdb
643	54.2091027787897	-18.905809547128424	-18.34921570522941	-0.5565938418990153	0.0	6	33	6_33.pdb
644	54.30505488072807	-17.92686239678893	-17.399210884485687	-0.5276515123032454	0.0	10	69	10_69.pdb
645	54.34076651726751	-16.094788320190162	-16.033267476132487	-0.061520844057673774	0.0	9	4	9_4.pdb
646	54.34382026413557	-17.727453357854152	-15.224525858153283	-2.5029274997008706	0.0	5	36	5_36.pdb
647	54.40312980382964	-15.916384644087442	-15.175288886847127	-0.7410957572403144	0.0	6	60	6_60.pdb
648	54.43518990692213	-15.807101763870804	-12.684885183281716	-3.122216580589087	0.0	9	37	9_37.pdb
649	54.45102170852931	-15.180843906511642	-10.846538744165782	-4.33430516234586	0.0	9	14	9_14.pdb
650	54.469762574959034	-17.143585667428717	-14.232838548204636	-2.910747119224081	0.0	6	24	6_24.pdb
651	54.48943580989074	-24.316676126397066	-22.678278135203314	-1.6383979911937516	0.0	2	6	2_6.pdb
652	54.59951584605048	-13.089487261336114	-12.10132432995766	-0.9881629313784545	0.0	8	51	8_51.pdb
653	54.629134340286654	-20.537491954804906	-14.93459303784089	-5.602898916964015	0.0	10	58	10_58.pdb
654	54.62967585767586	-14.275242707504116	-9.5083777826797	-4.766864924824417	0.0	4	60	4_60.pdb
655	54.698471930563585	-15.126088437388846	-13.257387659333421	-1.8687007780554248	0.0	4	17	4_17.pdb
656	54.70677585212801	-16.939661099347266	-12.692390281255722	-4.247270818091543	0.0	1	30	1_30.pdb
657	54.71047764227482	-17.643924618014136	-15.537052567541972	-2.1068720504721656	0.0	5	49	5_49.pdb
658	54.83202478394752	-18.590880712935824	-16.361162301423406	-2.2297184115124202	0.0	9	78	9_78.pdb
659	54.86308087083789	-16.86893730470957	-17.04778252888146	0.1788452241718912	0.0	2	52	2_52.pdb
660	54.869926904491095	-12.4809681615935	-12.464137801120604	-0.016830360472895878	0.0	1	3	1_3.pdb
661	54.901011230664196	-17.49443590748099	-13.636861661044152	-3.8575742464368403	0.0	7	5	7_5.pdb
662	54.93700869305704	-24.575686899774013	-20.85169546088059	-3.7239914388934245	0.0	4	36	4_36.pdb
663	54.97809679773531	-18.261865983802853	-15.786937128375975	-2.4749288554268785	0.0	7	54	7_54.pdb
664	55.00090006263158	-17.5014549105616	-20.297912655281564	2.7964577447199668	0.0	2	53	2_53.pdb
665	55.02058985476908	-14.042318302362524	-11.234193364925376	-2.8081249374371486	0.0	3	14	3_14.pdb
666	55.07087296987444	-21.109649020228925	-18.43503283501253	-2.6746161852163937	0.0	2	11	2_11.pdb
667	55.093686803807906	-18.657482688573374	-18.52690962284118	-0.1305730657321933	0.0	9	59	9_59.pdb
668	55.18641759232621	-25.70139356290771	-19.67350299456326	-6.027890568344448	0.0	5	28	5_28.pdb
669	55.20173598307588	-18.574246959369646	-15.506653962471274	-3.067592996898373	0.0	7	24	7_24.pdb
670	55.2221935127372	-18.09368384795533	-17.96516498359272	-0.1285188643626074	0.0	1	89	1_89.pdb
671	55.23422584310943	-18.254261307820897	-12.48701539877888	-5.767245909042017	0.0	7	91	7_91.pdb
672	55.31957763808928	-19.570690246240485	-15.994253017551872	-3.5764372286886132	0.0	1	99	1_99.pdb
673	55.41127441874485	-16.249803796098703	-14.462479088122391	-1.7873247079763113	0.0	8	44	8_44.pdb
674	55.454708036036216	-21.71218146800399	-19.03301123598585	-2.6791702320181425	0.0	4	38	4_38.pdb
675	55.45546273659291	-14.914686717605047	-13.277743826649319	-1.6369428909557284	0.0	9	91	9_91.pdb
676	55.46529065803034	-21.642806380043023	-19.589344506785036	-2.053461873257987	0.0	4	74	4_74.pdb
677	55.546070399393784	-19.213381408734232	-18.543373885716885	-0.6700075230173457	0.0	1	52	1_52.pdb
678	55.5727240888152	-16.155604747613467	-16.42146378994342	0.2658590423299544	0.0	6	38	6_38.pdb
679	55.57971483635051	-16.072927637998625	-14.779820997208466	-1.2931066407901581	0.0	3	27	3_27.pdb
680	55.63226056447317	-17.429419681212895	-16.77764396569625	-0.651775715516645	0.0	3	12	3_12.pdb
681	55.69228647552531	-17.64234111221184	-15.657289506890189	-1.9850516053216534	0.0	4	62	4_62.pdb
682	55.78376696199825	-18.15935289929653	-19.029658015080127	0.8703051157835962	0.0	8	59	8_59.pdb
683	55.79377453442769	-15.146580212807084	-13.204807965478235	-1.9417722473288488	0.0	10	27	10_27.pdb
684	55.87074339095595	-16.87550308844754	-14.36902065268483	-2.5064824357627113	0.0	6	86	6_86.pdb
685	55.913426932573515	-19.746140828672665	-18.079723629653877	-1.6664171990187886	0.0	5	57	5_57.pdb
686	55.94914771920052	-20.792169033684043	-20.27345224137709	-0.5187167923069528	0.0	4	7	4_7.pdb
687	56.000309922528075	-19.556184809152306	-16.09599982177978	-3.460184987372526	0.0	10	85	10_85.pdb
688	56.04986072388515	-11.920139419576948	-10.76358140580188	-1.1565580137750686	0.0	7	15	7_15.pdb
689	56.077136868632564	-19.494387183630153	-16.51650605790133	-2.977881125728822	0.0	5	6	5_6.pdb
690	56.09045847147873	-17.546761158776913	-15.189323767958655	-2.3574373908182573	0.0	8	77	8_77.pdb
691	56.11762721506713	-14.50037321740871	-15.493349415089446	0.9929761976807366	0.0	5	75	5_75.pdb
692	56.14358761965782	-14.794839559161058	-15.431990788015431	0.6371512288543738	0.0	3	23	3_23.pdb
693	56.16037234267031	-18.984842696298777	-14.405994762275114	-4.578847934023662	0.0	7	14	7_14.pdb
694	56.23320940074169	-13.46635637802242	-12.2004124742811	-1.2659439037413196	0.0	2	91	2_91.pdb
695	56.242124484784775	-19.712649404330126	-17.03389469201668	-2.678754712313446	0.0	8	28	8_28.pdb
696	56.265578978645735	-20.978234996310633	-20.827621565294322	-0.15061343101631203	0.0	9	45	9_45.pdb
697	56.26602899059319	-12.912635099716873	-9.268206471547664	-3.6444286281692087	0.0	6	7	6_7.pdb
698	56.36389430038027	-13.65570693808868	-12.276848469580939	-1.3788584685077414	0.0	1	86	1_86.pdb
699	56.49283393778922	-13.55899342189209	-12.402259785045956	-1.156733636846134	0.0	9	100	9_100.pdb
700	56.543232423234386	-14.151329893084577	-13.438319261184732	-0.7130106318998457	0.0	1	24	1_24.pdb
701	56.62251734120379	-18.998763476997677	-18.429503199022065	-0.5692602779756122	0.0	6	26	6_26.pdb
702	56.62650797502394	-17.3162089448214	-16.71825007530343	-0.5979588695179705	0.0	8	4	8_4.pdb
703	56.73085374826481	-15.99113340391903	-15.571776626777575	-0.4193567771414548	0.0	10	56	10_56.pdb
704	56.84001496214254	-18.18477557996186	-12.760182154753053	-5.424593425208805	0.0	9	65	9_65.pdb
705	56.889600296427545	-17.680686330981644	-16.897648608118892	-0.7830377228627494	0.0	10	20	10_20.pdb
706	56.914166681519454	-20.10125508605632	-16.473172054289087	-3.6280830317672326	0.0	6	88	6_88.pdb
707	56.920835668880535	-13.708321788727936	-12.284254543541119	-1.424067245186817	0.0	9	90	9_90.pdb
708	56.94192957472256	-21.69410355641589	-17.365229453713386	-4.328874102702505	0.0	6	93	6_93.pdb
709	56.98935249908942	-13.19498200159986	-8.658442062972293	-4.536539938627566	0.0	2	84	2_84.pdb
710	57.086639623546525	-17.850215293583393	-15.577427358022339	-2.2727879355610545	0.0	8	70	8_70.pdb
711	57.12160109207018	-16.611739790881426	-14.894874062525457	-1.7168657283559687	0.0	7	79	7_79.pdb
712	57.14505262416423	-19.852588156173233	-16.17249002755706	-3.680098128616171	0.0	1	23	1_23.pdb
713	57.186582667123	-16.073884242120474	-10.866001708780479	-5.207882533339997	0.0	3	75	3_75.pdb
714	57.2161338402172	-16.013739665613446	-13.075541764763427	-2.938197900850018	0.0	1	8	1_8.pdb
715	57.27830877091658	-15.855034455361663	-15.755577258259953	-0.09945719710171003	0.0	3	15	3_15.pdb
716	57.29877702989679	-14.527589246857152	-12.425075750300575	-2.102513496556577	0.0	7	70	7_70.pdb
717	57.306401068685105	-16.743165151483183	-16.23767857725273	-0.505486574230452	0.0	7	55	7_55.pdb
718	57.350004275681684	-18.74667216066832	-17.889879873507766	-0.8567922871605556	0.0	9	72	9_72.pdb
719	57.350097104939216	-19.49211670305508	-20.19650432337292	0.7043876203178417	0.0	7	94	7_94.pdb
720	57.38339876317595	-14.708966003918604	-12.641861199557022	-2.067104804361582	0.0	6	87	6_87.pdb
721	57.39134210541234	-18.056975871235757	-17.013928787538426	-1.0430470836973318	0.0	6	11	6_11.pdb
722	57.47394577720607	-19.230161602508975	-13.223466495540656	-6.006695106968319	0.0	6	76	6_76.pdb
723	57.50963919950978	-18.161238116296445	-16.691956811205884	-1.46928130509056	0.0	6	90	6_90.pdb
724	57.51164219249466	-11.844789026922458	-10.57341938383911	-1.2713696430833479	0.0	4	75	4_75.pdb
725	57.55687929357832	-14.458812007403335	-12.897721819630425	-1.5610901877729093	0.0	10	98	10_98.pdb
726	57.56636653696735	-12.88621200943335	-13.051298453929624	0.16508644449627285	0.0	3	56	3_56.pdb
727	57.621937772058324	-22.558345805512175	-19.53233745766946	-3.0260083478427138	0.0	3	4	3_4.pdb
728	57.63433662554014	-13.026811886290645	-10.680113486077486	-2.3466984002131586	0.0	6	39	6_39.pdb
729	57.83221375277677	-18.211941722125733	-16.554828224571295	-1.657113497554437	0.0	4	56	4_56.pdb
730	57.87954009684161	-14.174978794598193	-12.536462740990787	-1.638516053607405	0.0	10	97	10_97.pdb
731	57.90066913921172	-14.390006660307495	-12.302588618813672	-2.087418041493824	0.0	6	16	6_16.pdb
732	57.96275477310411	-15.188563151126447	-14.483350631741231	-0.7052125193852157	0.0	4	88	4_88.pdb
733	57.9657950635804	-16.9458782765317	-15.151101266077005	-1.7947770104546974	0.0	7	66	7_66.pdb
734	58.09705485303992	-17.093816472759745	-15.012342694006342	-2.0814737787534017	0.0	6	28	6_28.pdb
735	58.141428211838374	-13.747505137379887	-12.913939125946955	-0.8335660114329326	0.0	7	47	7_47.pdb
736	58.14191368121089	-15.980569992637239	-13.760707339267073	-2.219862653370167	0.0	10	77	10_77.pdb
737	58.163108616451446	-16.041924103087577	-15.247057366020188	-0.7948667370673902	0.0	9	33	9_33.pdb
738	58.16367943429246	-29.28188373112764	-22.22330779497178	-7.058575936155858	0.0	6	23	6_23.pdb
739	58.21050965006054	-13.618854328965886	-9.281829274547723	-4.337025054418163	0.0	2	31	2_31.pdb
740	58.23533737630869	-15.98279713932753	-12.49268160618308	-3.4901155331444507	0.0	1	78	1_78.pdb
741	58.24902582286904	-16.704794404335264	-14.20973022698163	-2.4950641773536333	0.0	10	31	10_31.pdb
742	58.29545798128764	-13.826648118619298	-12.371451052524261	-1.4551970660950373	0.0	9	67	9_67.pdb
743	58.366103506436936	-22.821034501379042	-21.350147144045625	-1.470887357333419	0.0	8	83	8_83.pdb
744	58.373945554840816	-12.046020666292165	-8.972124111873553	-3.0738965544186128	0.0	7	60	7_60.pdb
745	58.4250568162135	-11.670192194321592	-9.531431244523052	-2.1387609497985394	0.0	9	21	9_21.pdb
746	58.46271960834254	-12.604206933707534	-8.81409196691465	-3.7901149667928853	0.0	6	49	6_49.pdb
747	58.510327037781096	-17.859584931055267	-11.387630473428958	-6.471954457626307	0.0	9	54	9_54.pdb
748	58.554240017115696	-20.059435167036074	-18.71457641491966	-1.344858752116417	0.0	7	38	7_38.pdb
749	58.60747783144815	-15.687426175750572	-14.792310044355949	-0.8951161313946232	0.0	1	88	1_88.pdb
750	58.68144918129641	-15.64404410651402	-12.559456295647953	-3.0845878108660676	0.0	3	39	3_39.pdb
751	58.68819283327209	-13.91986133143957	-12.388022075871515	-1.5318392555680547	0.0	3	19	3_19.pdb
752	58.73473286554226	-14.042117181131697	-8.11084051222581	-5.931276668905888	0.0	3	86	3_86.pdb
753	58.75306805414479	-17.813119339239478	-17.230771281401527	-0.5823480578379497	0.0	4	76	4_76.pdb
754	58.78200728741966	-16.34122080152929	-12.931324376587602	-3.4098964249416865	0.0	8	87	8_87.pdb
755	58.78634770802188	-12.259360562130926	-7.82567048447921	-4.433690077651715	0.0	5	100	5_100.pdb
756	58.786819267497506	-12.92622483923716	-8.001734202080398	-4.924490637156762	0.0	5	30	5_30.pdb
757	58.83209759144376	-13.526643250939646	-8.42023642639843	-5.1064068245412155	0.0	10	81	10_81.pdb
758	58.90364241792197	-22.589529931189283	-18.03186621637816	-4.557663714811126	0.0	8	53	8_53.pdb
759	59.01622006864296	-14.159845176028675	-8.404013777090839	-5.755831398937837	0.0	2	5	2_5.pdb
760	59.022038689587255	-18.133832808649668	-17.95031691978	-0.1835158888696662	0.0	10	7	10_7.pdb
761	59.02865696899167	-19.13461621758508	-16.68715516102043	-2.447461056564649	0.0	1	1	1_1.pdb
762	59.03377163438891	-21.82021905743237	-19.376610719426317	-2.4436083380060536	0.0	4	84	4_84.pdb
763	59.06904033467241	-15.085620696924082	-10.480719660759583	-4.604901036164498	0.0	3	88	3_88.pdb
764	59.08301439516149	-11.960096990475021	-8.292344654395666	-3.6677523360793542	0.0	7	17	7_17.pdb
765	59.21029280502626	-14.169900729470736	-14.78473380841586	0.6148330789451237	0.0	3	10	3_10.pdb
766	59.261815279400636	-15.839935178675507	-14.092820043634882	-1.747115135040624	0.0	6	70	6_70.pdb
767	59.30992924998491	-12.351776517102543	-12.541409634625362	0.1896331175228192	0.0	6	50	6_50.pdb
768	59.31074542797111	-14.898982924168076	-10.842176017655786	-4.056806906512289	0.0	1	45	1_45.pdb
769	59.462196714442754	-20.599136090279067	-19.546234745897255	-1.052901344381811	0.0	2	73	2_73.pdb
770	59.47845309469344	-17.430567735711712	-13.043642238515613	-4.386925497196097	0.0	8	78	8_78.pdb
771	59.49521434215179	-15.055561274523182	-12.608668755229239	-2.446892519293942	0.0	1	19	1_19.pdb
772	59.512182504384526	-14.921910367173297	-7.909064195285466	-7.012846171887831	0.0	10	65	10_65.pdb
773	59.56901521840628	-10.198964269813692	-7.733470395782527	-2.465493874031164	0.0	10	16	10_16.pdb
774	59.583794339768126	-18.98210439055486	-16.66699190612323	-2.315112484431631	0.0	2	88	2_88.pdb
775	59.73523128925602	-12.173788811692408	-11.869146478715438	-0.3046423329769702	0.0	2	10	2_10.pdb
776	59.81205040587076	-22.52882969556584	-20.950449698123197	-1.5783799974426433	0.0	9	61	9_61.pdb
777	59.817734149800586	-19.27702800765637	-16.990017402736846	-2.287010604919523	0.0	7	98	7_98.pdb
778	59.81960988877587	-9.443940257428391	-8.975700005764756	-0.46824025166363625	0.0	7	85	7_85.pdb
779	59.89464853580447	-18.841326300629174	-17.18681364772926	-1.6545126528999126	0.0	5	85	5_85.pdb
780	59.91356749152555	-16.1102989562669	-14.747076286517519	-1.3632226697493786	0.0	5	98	5_98.pdb
781	59.997280052150884	-16.423249536437858	-15.03403265044182	-1.3892168859960385	0.0	10	71	10_71.pdb
782	60.06491002722608	-22.73599953973592	-19.232597067166513	-3.5034024725694084	0.0	6	68	6_68.pdb
783	60.15297735288297	-17.345732980545993	-16.900445442753455	-0.4452875377925376	0.0	10	28	10_28.pdb
784	60.2693864022729	-16.931686215214977	-12.08992937372869	-4.841756841486288	0.0	4	51	4_51.pdb
785	60.33382633857515	-16.87296661956088	-15.796400177872647	-1.0765664416882348	0.0	6	40	6_40.pdb
786	60.38090260949425	-17.54505582190074	-17.73897009493334	0.1939142730326	0.0	5	70	5_70.pdb
787	60.492724748718814	-12.693221081165335	-10.567626183586336	-2.125594897578999	0.0	1	32	1_32.pdb
788	60.77967051985186	-16.62822764099974	-14.894374582271384	-1.733853058728355	0.0	7	4	7_4.pdb
789	60.81492670286765	-15.683759730027257	-14.411763135907389	-1.2719965941198683	0.0	6	55	6_55.pdb
790	61.13683581695535	-13.34060855387356	-12.355338989985786	-0.9852695638877736	0.0	6	59	6_59.pdb
791	61.20043194573525	-19.506378454652634	-15.920481090607604	-3.585897364045028	0.0	9	82	9_82.pdb
792	61.204382627530194	-8.508571979052086	-5.039337046540265	-3.469234932511821	0.0	4	5	4_5.pdb
793	61.42254458476829	-14.608479084589506	-9.101701703923792	-5.506777380665714	0.0	2	96	2_96.pdb
794	61.43827250948813	-13.25912062131033	-7.841257029841442	-5.417863591468888	0.0	1	94	1_94.pdb
795	61.44870787254382	-11.70298283818941	-10.893471821662237	-0.8095110165271738	0.0	4	20	4_20.pdb
796	61.635649077210964	-13.332471185779076	-11.74783853585159	-1.5846326499274856	0.0	6	52	6_52.pdb
797	61.64573834163831	-11.249097793818125	-10.15943722974156	-1.0896605640765649	0.0	4	57	4_57.pdb
798	61.663933738827055	-8.100298015769472	-5.823694387683694	-2.276603628085777	0.0	10	48	10_48.pdb
799	61.67694745632507	-15.208067354466888	-11.979808663787972	-3.2282586906789144	0.0	10	26	10_26.pdb
800	61.84418691006317	-16.459993694030143	-14.0208695078026	-2.4391241862275437	0.0	8	94	8_94.pdb
801	61.89716043902891	-10.022641932756084	-13.56967418075782	3.547032248001736	0.0	1	17	1_17.pdb
802	61.903659548635524	-14.888552052546267	-13.552469353314999	-1.3360826992312687	0.0	4	52	4_52.pdb
803	61.93163087050192	-14.592706363691345	-13.633030500855035	-0.9596758628363099	0.0	6	61	6_61.pdb
804	62.22954111842166	-9.640867180082987	-3.1416981885293063	-6.499168991553681	0.0	6	80	6_80.pdb
805	62.32720026646092	-16.565835027541027	-13.79297868009783	-2.772856347443195	0.0	8	96	8_96.pdb
806	62.56193875576982	-20.679230388659946	-16.812473702424917	-3.866756686235029	0.0	5	63	5_63.pdb
807	62.588689803642524	-8.14977135858276	-9.3367635811877	1.1869922226049403	0.0	5	68	5_68.pdb
808	62.66933537244883	-21.840127618855995	-18.921065514359793	-2.9190621044962026	0.0	4	19	4_19.pdb
809	62.7014986436611	-15.318463363113878	-12.623862653178008	-2.6946007099358695	0.0	9	38	9_38.pdb
810	62.718413360844096	-11.232891009361948	-4.978144122974442	-6.254746886387506	0.0	8	42	8_42.pdb
811	62.84861282991971	-10.96889337795255	-11.399749048308012	0.43085567035546113	0.0	2	28	2_28.pdb
812	62.86137442819692	-16.069294778390844	-14.303734305068158	-1.765560473322686	0.0	6	22	6_22.pdb
813	62.889884888265954	-7.494564167634856	-2.525544958544497	-4.969019209090359	0.0	7	41	7_41.pdb
814	62.90894171835783	-10.35760494397766	-7.963199606830105	-2.3944053371475555	0.0	8	79	8_79.pdb
815	62.94363412171817	-12.617821519023792	-9.082321349405355	-3.5355001696184374	0.0	1	91	1_91.pdb
816	63.13658101049137	-14.472697093620727	-7.345883923969396	-7.1268131696513315	0.0	2	85	2_85.pdb
817	63.24599722952497	-22.312424804218796	-21.761158388119792	-0.5512664160990035	0.0	7	49	7_49.pdb
818	63.49115544931346	-9.578915487868107	-5.5747249384006485	-4.004190549467459	0.0	8	16	8_16.pdb
819	63.495046571780534	-10.460035261908132	-10.649974215975167	0.18993895406703465	0.0	4	64	4_64.pdb
820	63.54897276121412	-6.0884158304430365	-2.2109454310839567	-3.8774703993590798	0.0	1	64	1_64.pdb
821	63.60737622622158	-17.04684293375803	-15.097966432482188	-1.9488765012758411	0.0	2	82	2_82.pdb
822	63.61140668820644	-17.312570465308234	-14.570448527125162	-2.742121938183072	0.0	3	64	3_64.pdb
823	63.65851259974085	-8.506637979675396	-4.408669225396865	-4.097968754278532	0.0	3	7	3_7.pdb
824	63.68568437904787	-13.805118001803754	-12.560487553058243	-1.2446304487455104	0.0	5	69	5_69.pdb
825	63.82063882964363	-13.843403954385733	-11.600019186145355	-2.2433847682403782	0.0	2	37	2_37.pdb
826	64.20796539749372	-19.79774597081566	-14.00965978458281	-5.788086186232853	0.0	9	18	9_18.pdb
827	64.27358927474762	-8.778286326476445	-6.626382627377418	-2.151903699099027	0.0	1	63	1_63.pdb
828	64.35627621564336	-11.485296156650323	-12.08048103112224	0.5951848744719173	0.0	10	46	10_46.pdb
829	64.40544894501186	-19.60828822197245	-17.67488894420226	-1.9333992777701932	0.0	6	98	6_98.pdb
830	64.54143625002341	-14.630264608146788	-12.810376295599912	-1.819888312546877	0.0	1	39	1_39.pdb
831	64.54910724517251	-16.042029636061013	-14.824668173775224	-1.217361462285789	0.0	1	26	1_26.pdb
832	64.56213033289752	-9.232408072010653	-6.951267009575963	-2.281141062434691	0.0	5	12	5_12.pdb
833	64.65550276434064	-13.777074710098303	-14.23352019451348	0.4564454844151773	0.0	9	8	9_8.pdb
834	64.9006576358279	-6.936618790823246	-1.6634556019353446	-5.273163188887902	0.0	3	20	3_20.pdb
835	65.43761941481085	-11.918043974196921	-10.036704788140481	-1.8813391860564408	0.0	6	47	6_47.pdb
836	65.46849536395942	-12.856415452809863	-12.28244920651353	-0.5739662462963332	0.0	8	62	8_62.pdb
837	65.65938062962499	-16.68550390545275	-10.998734879390424	-5.686769026062328	0.0	8	15	8_15.pdb
838	65.89268701457088	-10.27793028534036	-7.69687425879648	-2.581056026543882	0.0	6	10	6_10.pdb
839	66.0382834125842	-3.092325423331279	-0.4621710237576301	-2.630154399573649	0.0	9	51	9_51.pdb
840	66.22356888055008	-6.582377583759058	-7.096021637164826	0.5136440534057682	0.0	3	91	3_91.pdb
841	66.25291275511282	-15.622346185580467	-13.756324986417914	-1.8660211991625524	0.0	7	52	7_52.pdb
842	66.29917152790401	-7.652697689641524	-9.244323178935025	1.5916254892935007	0.0	1	81	1_81.pdb
843	66.35642296151808	-13.234232451167664	-11.979715064322681	-1.2545173868449822	0.0	6	82	6_82.pdb
844	66.46626982626661	-9.788357234053645	-10.023988640040901	0.23563140598725685	0.0	3	77	3_77.pdb
845	66.49039467126381	-3.1549149125447316	-0.953731402060651	-2.2011835104840807	0.0	1	65	1_65.pdb
846	66.59280694480972	-10.591060581559788	-9.043287936644406	-1.5477726449153826	0.0	10	91	10_91.pdb
847	66.63863114230855	-14.196750786217876	-12.768279689385569	-1.4284710968323067	0.0	4	53	4_53.pdb
848	67.24142755002237	-4.2185653963393275	-2.893953356342099	-1.3246120399972288	0.0	2	9	2_9.pdb
849	67.26918113077095	-10.377754039422381	-3.385888518112444	-6.991865521309937	0.0	1	44	1_44.pdb
850	67.27668689344513	-3.399374223997957	-0.5662318037559834	-2.8331424202419737	0.0	8	61	8_61.pdb
851	67.32124503010309	-12.966526018933099	-13.332832206302337	0.36630618736923837	0.0	10	13	10_13.pdb
852	67.44728585414107	-14.743299276016646	-14.63934781374703	-0.10395146226961693	0.0	8	18	8_18.pdb
853	67.48515431399872	-14.279113048652736	-13.898148267974191	-0.3809647806785451	0.0	10	96	10_96.pdb
854	67.49868586561173	-16.405978382387996	-10.800908322210713	-5.605070060177283	0.0	5	34	5_34.pdb
855	67.54020756929472	-9.309006338637268	-8.195140263760294	-1.1138660748769729	0.0	1	37	1_37.pdb
856	67.64398473064067	-9.374903193394692	-5.406413880207893	-3.9684893131867987	0.0	9	84	9_84.pdb
857	67.67481686675616	-3.2634222452992896	-1.722663483857491	-1.5407587614417986	0.0	8	60	8_60.pdb
858	67.76647584756275	-10.304995574347737	-9.245310553920211	-1.0596850204275263	0.0	3	95	3_95.pdb
859	67.77234695916256	-5.240769592555079	-1.5319153285001783	-3.7088542640549003	0.0	1	60	1_60.pdb
860	67.78440384437039	-6.41495292060569	-3.751991828494889	-2.662961092110801	0.0	10	24	10_24.pdb
861	68.07222165489851	-9.550568806458143	-9.385253001662385	-0.16531580479575791	0.0	5	44	5_44.pdb
862	68.468685452899	-4.495431074254792	-6.676508862250046	2.181077787995254	0.0	5	60	5_60.pdb
863	68.63339836616703	-12.165621696645099	-13.124122428814523	0.9585007321694247	0.0	1	69	1_69.pdb
864	68.726235689309	-9.861034574662167	-10.052578677152662	0.19154410249049536	0.0	10	38	10_38.pdb
865	69.16235399535455	-14.721602201126885	-11.983542478378398	-2.738059722748486	0.0	5	80	5_80.pdb
866	69.28956816598581	-2.218119775633542	0.4543368531911374	-2.6724566288246794	0.0	6	14	6_14.pdb
867	69.40162516300217	-2.153644415105534	1.1163840957303732	-3.2700285108359073	0.0	6	58	6_58.pdb
868	69.45368969060465	-1.3143788613625493	0.6550675484702456	-1.9694464098327948	0.0	9	66	9_66.pdb
869	69.55160046756782	-6.707308481621443	-4.539088130436352	-2.1682203511850915	0.0	1	71	1_71.pdb
870	69.6818256619096	-11.946796180058737	-12.810978312229873	0.8641821321711354	0.0	5	64	5_64.pdb
871	69.75578753413272	-3.270705475174262	-5.281720805809766	2.0110153306355043	0.0	6	42	6_42.pdb
872	69.77166038892749	-1.7644997569302732	-2.605400525929277	0.8409007689990038	0.0	5	5	5_5.pdb
873	69.84291073186829	-10.212015592833215	-8.167916879661064	-2.0440987131721506	0.0	7	2	7_2.pdb
874	70.04891377523776	-5.313179688939838	-7.9318744878033245	2.618694798863486	0.0	2	78	2_78.pdb
875	70.14151116463061	-5.1370183349121366	-5.583434791359751	0.44641645644761385	0.0	4	22	4_22.pdb
876	70.17521647658083	-4.582689008436405	-0.8413246666257451	-3.7413643418106597	0.0	4	98	4_98.pdb
877	70.5249597587468	-4.707587647782191	-4.80831008998447	0.10072244220227955	0.0	7	90	7_90.pdb
878	70.53310333916109	0.6071098117985105	4.106182627044039	-3.499072815245529	0.0	1	38	1_38.pdb
879	70.68048220541209	-8.363788723370913	-4.31974574048958	-4.044042982881333	0.0	10	25	10_25.pdb
880	70.88021297942055	-10.959214715226057	-9.539021390989767	-1.4201933242362899	0.0	2	54	2_54.pdb
881	70.92542554183655	-4.235946210806587	-3.3300610367331593	-0.9058851740734268	0.0	5	56	5_56.pdb
882	71.1589294127808	-6.310924160621449	-4.011761444442499	-2.29916271617895	0.0	5	29	5_29.pdb
883	71.16815609308834	-16.975710669112416	-12.059307850675756	-4.916402818436662	0.0	9	79	9_79.pdb
884	71.27733782948948	-7.387611679464905	-3.116494376448555	-4.27111730301635	0.0	1	72	1_72.pdb
885	71.49063471208471	-7.847946769625246	-5.45327942357492	-2.394667346050326	0.0	5	13	5_13.pdb
886	71.49992087262589	-7.232449678058187	-3.3601889387068105	-3.872260739351377	0.0	9	70	9_70.pdb
887	71.72991514217087	-4.003886290270488	-7.520700398619895	3.5168141083494064	0.0	1	82	1_82.pdb
888	71.9218658829595	-7.941958558885362	-5.668619795462308	-2.2733387634230535	0.0	7	21	7_21.pdb
889	71.93104710312149	-4.761000174841992	-5.210837885415952	0.44983771057396005	0.0	2	55	2_55.pdb
890	72.3765207487747	-0.4507797390522361	4.482961872954763	-4.933741612006999	0.0	5	8	5_8.pdb
891	72.66069451777696	3.107740485808738	3.956893536060112	-0.8491530502513742	0.0	5	96	5_96.pdb
892	72.92869019982115	-0.708136693926489	1.8475357680371245	-2.5556724619636135	0.0	7	29	7_29.pdb
893	72.95477495201315	-16.229730566977096	-14.787867813825057	-1.4418627531520398	0.0	6	78	6_78.pdb
894	73.20716372112622	-2.3363805136863056	-2.9552874084351983	0.6189068947488928	0.0	7	40	7_40.pdb
895	73.57418134857726	-8.761423325207367	-3.4751389113670865	-5.286284413840281	0.0	2	61	2_61.pdb
896	73.58064935590683	2.390133549611471	4.806915684837492	-2.4167821352260206	0.0	3	80	3_80.pdb
897	73.72351936359489	1.4157451377183552	6.1713416762071756	-4.75559653848882	0.0	10	50	10_50.pdb
898	73.86924551644319	-5.173629112315357	-3.3332738559079464	-1.840355256407411	0.0	7	78	7_78.pdb
899	73.87248626868953	-2.875114115803239	-0.6679444518642502	-2.2071696639389886	0.0	7	61	7_61.pdb
900	74.53465530352167	-13.15841568042412	-12.405703312434031	-0.7527123679900896	0.0	9	15	9_15.pdb
901	74.65362572835006	-14.031285654637642	-13.092172579023828	-0.9391130756138153	0.0	4	73	4_73.pdb
902	74.94613112917769	-2.4476773006353683	-0.12127099397793574	-2.3264063066574323	0.0	1	55	1_55.pdb
903	75.07148069408603	-4.415168031190687	1.2203055090735933	-5.635473540264281	0.0	9	43	9_43.pdb
904	75.20909922944006	-3.2388133838182336	-3.581230980754825	0.34241759693659135	0.0	9	22	9_22.pdb
905	75.27821065385159	1.1285404067366231	-1.0156740991196882	2.1442145058563113	0.0	7	3	7_3.pdb
906	75.43068715021978	-2.458320372056793	4.052713968436871	-6.511034340493664	0.0	9	62	9_62.pdb
907	75.48243043139547	-1.083368258039529	-2.368663694963171	1.2852954369236422	0.0	1	12	1_12.pdb
908	75.63660289225656	-0.330635084781441	2.7799361660903723	-3.1105712508718133	0.0	1	49	1_49.pdb
909	76.17041709232595	1.5588744712023672	-1.2580181486605277	2.816892619862895	0.0	5	32	5_32.pdb
910	76.2676207272424	2.0064555797012478	3.3544392545282573	-1.3479836748270093	0.0	1	27	1_27.pdb
911	76.74182026489764	-4.791768308303314	-2.524565083188695	-2.267203225114619	0.0	3	97	3_97.pdb
912	76.97914973637504	3.5398175206416562	7.835728550049655	-4.295911029407999	0.0	3	54	3_54.pdb
913	76.98269189506448	4.615526091279509	6.923638090353277	-2.3081119990737684	0.0	6	27	6_27.pdb
914	77.27193686649737	-11.074758718934246	-11.13647575085938	0.06171703192513478	0.0	7	45	7_45.pdb
915	77.36291590224059	0.2686267035804153	-1.8693086752639594	2.1379353788443747	0.0	1	57	1_57.pdb
916	77.5496241186316	4.05817337843693	6.344709627038583	-2.2865362486016525	0.0	1	53	1_53.pdb
917	77.71043836272445	-1.3239766691160075	-3.4975651460215986	2.173588476905591	0.0	2	74	2_74.pdb
918	77.88475663298118	1.1492494593186513	3.677863976951457	-2.5286145176328056	0.0	8	47	8_47.pdb
919	78.05037994132991	6.638483533029586	11.582035866085963	-4.9435523330563775	0.0	1	90	1_90.pdb
920	78.07928050939385	-7.478804068883663	-1.451875398208391	-6.026928670675272	0.0	3	32	3_32.pdb
921	78.38725272047205	-5.561618939948987	-4.375576832572908	-1.1860421073760792	0.0	6	8	6_8.pdb
922	78.73949476718143	-2.4855632014301072	0.7875623720924528	-3.27312557352256	0.0	3	58	3_58.pdb
923	78.792306330653	-7.153124192126392	-5.321963668321514	-1.8311605238048785	0.0	8	46	8_46.pdb
924	78.81130831408025	4.697744473349532	7.39454624087166	-2.6968017675221274	0.0	1	7	1_7.pdb
925	78.96630565761748	3.89584922339486	6.4246388880790155	-2.5287896646841554	0.0	6	34	6_34.pdb
926	79.59097634702763	-4.915950993195777	-4.713789077475806	-0.20216191571997	0.0	1	100	1_100.pdb
927	79.7998830152095	-4.376459437771031	-2.6854513351090796	-1.6910081026619515	0.0	4	33	4_33.pdb
928	80.04018664973194	-17.498740106594358	-14.380522444941176	-3.1182176616531807	0.0	5	61	5_61.pdb
929	80.1010788856057	6.140853698393282	4.420299066117322	1.7205546322759595	0.0	3	6	3_6.pdb
930	80.14215712850618	-5.822198853655289	-3.6465279431061686	-2.1756709105491208	0.0	1	84	1_84.pdb
931	80.55359705598812	3.138180290190271	7.864511209419993	-4.726330919229722	0.0	1	96	1_96.pdb
932	80.61014782236671	3.636970349278959	7.126230918784547	-3.489260569505588	0.0	2	17	2_17.pdb
933	81.13350925256654	3.6931097645987654	6.823800548584587	-3.1306907839858216	0.0	2	14	2_14.pdb
934	81.58209200193184	-10.995594124199185	-8.33669070339154	-2.6589034208076456	0.0	9	31	9_31.pdb
935	81.65194626129473	12.301734080857337	14.957010223168165	-2.655276142310829	0.0	2	25	2_25.pdb
936	81.70691690656275	2.76560102363383	2.9250864219907435	-0.15948539835691355	0.0	4	13	4_13.pdb
937	81.7529052316163	-2.501322444318361	-1.0049317534968747	-1.496390690821486	0.0	2	30	2_30.pdb
938	82.39115267571796	6.737382873232722	7.86787105080272	-1.1304881775699989	0.0	3	92	3_92.pdb
939	82.41631085573813	12.88250845851669	17.489069832063855	-4.606561373547166	0.0	2	12	2_12.pdb
940	82.49138335382155	-1.6134989985342072	1.8626789378466864	-3.4761779363808936	0.0	7	33	7_33.pdb
941	82.70939645082335	9.733408701633348	13.394123081093126	-3.6607143794597787	0.0	3	78	3_78.pdb
942	83.06509077008644	7.352750552791889	6.209014869549511	1.143735683242378	0.0	4	10	4_10.pdb
943	83.5612795382209	13.295566561439355	15.355071456413981	-2.0595048949746273	0.0	4	65	4_65.pdb
944	83.57572309842942	0.4798362711090345	5.736176955754532	-5.256340684645497	0.0	7	10	7_10.pdb
945	84.38294905440081	6.782949347860484	7.95614567142804	-1.1731963235675558	0.0	4	91	4_91.pdb
946	85.43646370161957	-0.8041462105990476	-1.2763255716281703	0.4721793610291227	0.0	9	73	9_73.pdb
947	85.53712257051504	9.464123678264063	12.027032646406429	-2.5629089681423656	0.0	3	99	3_99.pdb
948	86.67264468526736	10.472868902375378	11.629130113673444	-1.1562612112980668	0.0	2	92	2_92.pdb
949	86.96873978718523	5.07525399502275	6.728280913927099	-1.6530269189043487	0.0	5	25	5_25.pdb
950	87.05854849058424	12.535629963134987	14.319528814759742	-1.7838988516247547	0.0	1	87	1_87.pdb
951	87.17801858578555	0.9900219226704925	7.7706139258879965	-6.780592003217504	0.0	3	3	3_3.pdb
952	87.86445266114029	4.948187153406257	5.87800345923866	-0.9298163058324025	0.0	4	85	4_85.pdb
953	87.93407836038074	11.850415744156917	14.132936334643459	-2.2825205904865418	0.0	1	74	1_74.pdb
954	89.5108552221371	6.868061430319594	3.9101464299338193	2.9579150003857753	0.0	7	58	7_58.pdb
955	91.60882159900008	11.571086635447177	10.131758258433834	1.4393283770133434	0.0	9	2	9_2.pdb
956	91.62788043698868	13.290364839230763	14.474939178168155	-1.184574338937392	0.0	1	34	1_34.pdb
957	93.07987156463207	9.3270626832062	11.4710888116998	-2.144026128493599	0.0	7	83	7_83.pdb
958	93.62755001430786	-3.4752598180626766	3.825350690016861	-7.300610508079537	0.0	3	47	3_47.pdb
959	94.25639281146263	11.794289224229903	14.390010135822783	-2.5957209115928794	0.0	9	58	9_58.pdb
960	94.51717450351018	13.287499385340897	21.48335668986324	-8.195857304522342	0.0	5	89	5_89.pdb
961	95.68229639369021	23.317152371758052	28.5719645635895	-5.254812191831448	0.0	2	3	2_3.pdb
962	96.10250937693726	26.471589367982215	33.24089092627867	-6.769301558296452	0.0	5	18	5_18.pdb
963	96.6215990914202	3.84973991665792	5.335100861359267	-1.4853609447013474	0.0	1	42	1_42.pdb
964	96.71829129924745	8.066662054083364	4.273312446820038	3.793349607263327	0.0	4	95	4_95.pdb
965	97.77783259935086	25.001110011988423	29.11506099691145	-4.113950984923024	0.0	5	84	5_84.pdb
966	98.27631169781013	15.215579857551923	12.799122970974018	2.4164568865779055	0.0	5	45	5_45.pdb
967	98.42770128111239	12.733456527389828	15.614569062182712	-2.881112534792884	0.0	3	70	3_70.pdb
968	100.44821819538096	24.31717441076764	26.487711570687118	-2.170537159919476	0.0	7	80	7_80.pdb
969	100.46401493869824	5.869213950417406	6.840430881045519	-0.9712169306281121	0.0	10	15	10_15.pdb
970	101.61112113137003	10.525266494344391	12.325020277590294	-1.7997537832459023	0.0	9	89	9_89.pdb
971	102.07858069482452	22.980538288404425	24.309347075642872	-1.3288087872384486	0.0	2	90	2_90.pdb
972	103.39207374928692	10.633242101434872	10.438152087264175	0.19509001417069782	0.0	5	21	5_21.pdb
973	103.42901945337293	7.693030871791428	8.17447355040587	-0.4814426786144411	0.0	1	95	1_95.pdb
974	106.17026672857261	25.6807091913787	28.67095256452874	-2.990243373150041	0.0	1	98	1_98.pdb
975	107.3623340052321	33.71593345857432	38.73996881158772	-5.024035353013403	0.0	4	100	4_100.pdb
976	108.2625787804441	12.968802906246287	16.27895538291361	-3.3101524766673247	0.0	6	31	6_31.pdb
977	108.39499137521106	15.004293214398771	17.263449755890328	-2.259156541491556	0.0	2	41	2_41.pdb
978	109.82680508706918	29.228542096814337	28.59566069978159	0.6328813970327474	0.0	4	54	4_54.pdb
979	114.80335004775802	19.75552429339707	21.28199262570509	-1.5264683323080206	0.0	5	43	5_43.pdb
980	116.10040556627695	1.0093967704755977	1.9961664152124863	-0.9867696447368884	0.0	8	7	8_7.pdb
981	116.73017619596354	47.090336516148625	50.269101095465295	-3.178764579316669	0.0	2	97	2_97.pdb
982	120.26813541059116	24.721271250121728	23.321847853926474	1.3994233961952518	0.0	6	37	6_37.pdb
983	121.81068961348393	25.74794082658086	29.490127713666745	-3.7421868870858863	0.0	10	37	10_37.pdb
984	122.55213233537143	-0.6447507568815354	2.7036026193912512	-3.3483533762727866	0.0	4	93	4_93.pdb
985	125.46951067731794	40.78443665814357	43.76330751722017	-2.9788708590766007	0.0	9	50	9_50.pdb
986	127.02031523277722	40.15242233745356	44.13052714187794	-3.978104804424386	0.0	9	30	9_30.pdb
987	130.47404528797315	42.96939961163575	60.55265322553109	-17.583253613895334	0.0	7	37	7_37.pdb
988	132.62635503422385	30.313593509652804	34.88743577540803	-4.573842265755226	0.0	6	73	6_73.pdb
989	137.37953107469312	31.302694822221365	32.78012341564739	-1.4774285934260232	0.0	3	76	3_76.pdb
990	140.42723611352346	15.363005178747628	16.954691901649664	-1.5916867229020353	0.0	10	55	10_55.pdb
991	141.50919696947307	25.725937745185703	22.82935230586444	2.896585439321262	0.0	8	12	8_12.pdb
992	148.85074969929164	51.83474832651497	57.203718147967784	-5.3689698214528185	0.0	10	22	10_22.pdb
993	151.65876822936505	41.646223891204336	43.496025666602876	-1.8498017753985385	0.0	2	43	2_43.pdb
994	154.56004091558293	53.832580194710864	57.863472218464956	-4.030892023754093	0.0	3	61	3_61.pdb
995	155.73870175285668	60.142608142980436	79.44427421881831	-19.301666075837872	0.0	3	35	3_35.pdb
996	158.62668650558905	69.56338328319757	76.88112234565932	-7.317739062461754	0.0	2	59	2_59.pdb
997	187.43360617376342	91.32386122663148	99.07593726225618	-7.7520760356247	0.0	2	24	2_24.pdb
998	271.30732628879394	146.230234074564	149.83344867370474	-3.6032145991407387	0.0	9	63	9_63.pdb
999	604.2860002743258	446.5801948589504	445.53427049290235	1.0459243660480357	0.0	8	100	8_100.pdb
