	total_energy	enthalpy	vdw	elec	entropy	PDB_name	cluster_id
0	-20.860673231663615	-12.56172309574761	-287.22126277808275	-157.105400231684	-8.298950135916005	342	14
1	-19.73227516977729	-10.705204622496279	-285.85347406758956	-159.63252073003204	-9.02707054728101	476	15
2	-19.677119959516375	-10.650049412235365	-294.49142968313816	-156.3659947553003	-9.02707054728101	350	15
3	-19.617523412896997	-10.590452865615987	-295.2729283947274	-156.60241439026456	-9.02707054728101	455	15
4	-19.592777837691067	-10.620349286885878	-298.3349330894524	-157.36676791858994	-8.972428550805189	318	11
5	-18.8524483960372	-10.553498260121195	-294.13492638706214	-156.13672494983308	-8.298950135916005	441	14
6	-17.7465129047364	-8.833655388286896	-297.4255141067832	-154.59842476295492	-8.912857516449503	311	12
7	-17.547203125918614	-9.248252990002609	-283.2476798070255	-160.81154229426434	-8.298950135916005	492	14
8	-17.21042752502508	-8.911477389109073	-287.93780982208557	-155.39506887809222	-8.298950135916005	59	14
9	-16.570052404484194	-8.271102268568189	-293.7283210078203	-157.87914476267125	-8.298950135916005	314	14
10	-16.41241611614698	-8.127518973442319	-298.30070425827597	-153.2018375556918	-8.28489714270466	219	7
11	-15.987102117228101	-8.474610304668968	-298.45794821274905	-161.71456890399654	-7.512491812559133	267	9
12	-15.518465896454419	-6.491395349173409	-299.0740045086846	-152.54550071026057	-9.02707054728101	194	15
13	-15.216983564080856	-6.348990805133088	-293.8924987868302	-152.18160053329916	-8.867992758947768	229	8
14	-14.80467304532301	-5.891815528873508	-294.67146401054686	-158.25178403388432	-8.912857516449503	255	12
15	-14.524309422723944	-6.239412280019284	-301.1639376568916	-154.65337638583637	-8.28489714270466	272	7
16	-14.379834904734322	-5.801314724577512	-296.5046480856572	-153.16183103681436	-8.57852018015681	437	10
17	-13.845863442187882	-5.055907582198913	-293.8713512104742	-152.87337963271244	-8.78995585998897	300	13
18	-13.790561401252502	-6.141547424531556	-302.9760067745769	-145.770395725571	-7.649013976720946	124	3
19	-13.52295845649141	-4.495887909210399	-297.61737539298963	-151.6625097883555	-9.02707054728101	109	15
20	-13.477458583926715	-5.17850844801071	-282.48063512140106	-158.84014405631407	-8.298950135916005	349	14
21	-13.459112259009935	-4.432041711728925	-295.95887374260127	-153.7894691136895	-9.02707054728101	39	15
22	-13.388469791673728	-4.361399244392718	-279.94785449362547	-155.90541141435173	-9.02707054728101	250	15
23	-13.090897238956867	-4.222904480009099	-297.0382664228562	-153.4374397663386	-8.867992758947768	365	8
24	-13.09088863058833	-4.118460079783141	-295.7599594564764	-149.96315420992548	-8.972428550805189	64	11
25	-12.992107277694139	-4.6931571417781335	-294.5796959119132	-153.98887057736147	-8.298950135916005	389	14
26	-12.551639084302238	-3.524568537021228	-292.4732510095186	-153.62884912506095	-9.02707054728101	110	15
27	-12.457054028900991	-4.158103892984986	-280.9678020861269	-163.20518844778715	-8.298950135916005	449	14
28	-12.443796954864553	-4.1448468189485475	-291.21458177529485	-149.64168568048524	-8.298950135916005	61	14
29	-12.383353625807104	-3.470496109357601	-290.868529507422	-153.7433717010324	-8.912857516449503	362	12
30	-12.360892943243845	-3.5709370832548757	-293.21984238308346	-155.39603826576442	-8.78995585998897	114	13
31	-12.188153719811904	-3.161083172530894	-291.40793078862686	-155.7288261108702	-9.02707054728101	433	15
32	-11.926086986293186	-2.8990164390121755	-295.00780784447915	-150.28728982997083	-9.02707054728101	99	15
33	-11.752961202617854	-3.454011066701849	-294.8595339743741	-154.1661954802072	-8.298950135916005	191	14
34	-11.689295614150437	-2.716867063345248	-282.0130746769803	-161.45872130459182	-8.972428550805189	296	11
35	-11.62306763893434	-2.595997091653331	-294.9369629753714	-148.89419308736436	-9.02707054728101	386	15
36	-11.610696306497008	-2.583625759215998	-286.66722928500866	-155.19205874228763	-9.02707054728101	77	15
37	-11.550656878424011	-2.523586331143001	-295.5996588813537	-157.3977757547777	-9.02707054728101	467	15
38	-11.529591023815865	-4.757464069671818	-293.909370065455	-152.06401451958592	-6.7721269541440465	73	1
39	-11.441971153604229	-3.929479341045096	-283.8999469956079	-160.26215317178332	-7.512491812559133	177	9
40	-11.422290769884693	-2.395220222603683	-298.5339682006566	-155.51237942578888	-9.02707054728101	147	15
41	-11.370559145863176	-2.4577016294136733	-292.64086298876504	-156.60544956600017	-8.912857516449503	96	12
42	-11.328838529119341	-2.3017679818383314	-296.0695593213462	-149.85031068402537	-9.02707054728101	291	15
43	-11.293950267654182	-3.7814584550950494	-297.28556166027914	-151.46410168988143	-7.512491812559133	400	9
44	-11.259051117416796	-2.2319805701357858	-293.86073796885233	-150.627450096877	-9.02707054728101	197	15
45	-11.212790669757485	-3.5878846931193253	-287.1569061312204	-155.2327163317497	-7.62490597663816	344	4
46	-11.206922055137309	-2.1798515078562986	-294.9242206562002	-154.66287161683593	-9.02707054728101	413	15
47	-11.161241713400578	-2.2483841969510756	-293.70814284594024	-153.70987138449922	-8.912857516449503	481	12
48	-11.075735803458917	-2.4972156233021074	-292.77797373308573	-153.07786549252205	-8.57852018015681	136	10
49	-11.073852280324125	-3.5613604677649926	-292.3914986130386	-153.19570868397102	-7.512491812559133	220	9
50	-11.007910316745743	-2.708960180829738	-288.8272643722513	-153.82531779162176	-8.298950135916005	27	14
51	-10.949848709368917	-1.9774201585637279	-279.6140952681463	-157.31266979127633	-8.972428550805189	376	11
52	-10.849994779205932	-2.551044643289927	-289.17979123054306	-158.16353286980615	-8.298950135916005	19	14
53	-10.83398668515295	-3.8329196449672702	-290.816776339808	-154.7349130094793	-7.0010670401856805	261	5
54	-10.810162542995815	-1.7830919957148055	-294.59019562497934	-151.32432234867028	-9.02707054728101	174	15
55	-10.78640041865865	-2.69537790345829	-295.6485670971717	-153.86364775699042	-8.09102251520036	212	2
56	-10.753261900446084	-1.8404043839965816	-290.9785485538756	-159.55241758717844	-8.912857516449503	305	12
57	-10.716361119289918	-1.803503602840415	-295.63761181759367	-153.04357300303414	-8.912857516449503	36	12
58	-10.70304548513884	-1.6759749378578306	-281.47703785953934	-164.9979268323785	-9.02707054728101	210	15
59	-10.55683409906266	-1.7668782390736908	-289.6754663479042	-156.0689829676407	-8.78995585998897	335	13
60	-10.521333250141112	-3.008841437581979	-281.15525308097915	-158.3259875657977	-7.512491812559133	138	9
61	-10.50998575052356	-1.7200298905345903	-293.8441699279982	-160.3069197446712	-8.78995585998897	486	13
62	-10.45686302994916	-1.484434479143971	-282.0778601111298	-157.4642953171837	-8.972428550805189	187	11
63	-10.373909085865606	-2.861417273306473	-284.2227631418942	-155.48308643116297	-7.512491812559133	356	9
64	-10.272189641154657	-1.2451190938736474	-295.9251007524196	-151.21703753970945	-9.02707054728101	281	15
65	-10.18177639280563	-1.8828262568896257	-294.2681092349834	-152.06703578662447	-8.298950135916005	4	14
66	-10.131557588118671	-1.104487040837661	-296.31945171576325	-154.2345496744974	-9.02707054728101	473	15
67	-10.125321647137394	-1.257328888189626	-289.38966828509956	-150.6810310806831	-8.867992758947768	410	8
68	-10.087383067961161	-1.5088628878043515	-289.4201805000248	-149.93405933159133	-8.57852018015681	409	10
69	-9.96371701689946	-0.9912884660942716	-298.20169368512586	-148.65083826892374	-8.972428550805189	139	11
70	-9.921650031482187	-1.622699895566182	-293.50222037070824	-154.68511207500305	-8.298950135916005	264	14
71	-9.613359068081259	-0.5862885208002488	-294.94460103192	-146.54517838714813	-9.02707054728101	80	15
72	-9.514276956183858	-0.7243210961948883	-285.142494688429	-158.18185328544735	-8.78995585998897	222	13
73	-9.440412700732763	-0.8618925205759531	-298.5087770530334	-147.6374253960429	-8.57852018015681	263	10
74	-9.357737605999334	-1.0728404632946749	-284.7600882479428	-153.99558783563975	-8.28489714270466	451	7
75	-9.347582412584039	-1.8350906000249063	-280.0116817993033	-160.63021658731245	-7.512491812559133	179	9
76	-9.34704676285051	-0.434189246401008	-291.25567368710625	-149.51576011607983	-8.912857516449503	24	12
77	-9.26109965068364	-0.23402910340263006	-282.5389532344825	-152.71638136830526	-9.02707054728101	324	15
78	-9.188729886064698	-0.6102097059078879	-296.2377211409872	-149.73880749301205	-8.57852018015681	280	10
79	-8.883752651702311	-0.3052324715455015	-294.1857829551801	-150.2367402834796	-8.57852018015681	97	10
80	-8.806998291059976	0.1058592253895263	-283.53944754299437	-162.1947372141484	-8.912857516449503	203	12
81	-8.782076368732124	-0.007727083670975077	-290.99188839591073	-150.15048820153768	-8.774349285061149	126	6
82	-8.737910573081965	-0.4389604371659601	-283.51729755744265	-159.39586360843526	-8.298950135916005	288	14
83	-8.72263567061841	0.19022184583109336	-291.70182527528283	-149.82230395503666	-8.912857516449503	474	12
84	-8.65653734537106	-0.35758720945505473	-280.812239899755	-157.95766396135517	-8.298950135916005	253	14
85	-8.468716767801851	0.4441407486476514	-280.24880331621324	-157.1701644636246	-8.912857516449503	42	12
86	-8.431994691947043	0.4808628245024593	-286.6754290318204	-152.59985314047947	-8.912857516449503	236	12
87	-8.379476549486178	0.6475939977948322	-287.7005456368701	-153.25441504399816	-9.02707054728101	148	15
88	-8.288539051134936	0.7385314961460736	-298.487254651607	-149.5503604543133	-9.02707054728101	390	15
89	-8.167401480462553	0.4111186996942564	-286.59370748522025	-150.55140092633587	-8.57852018015681	377	10
90	-8.109380091165075	0.8034774252844272	-283.45159875642446	-160.00584192004837	-8.912857516449503	137	12
91	-8.024580935513622	1.0024896117673876	-281.78723883747926	-156.30984173492234	-9.02707054728101	373	15
92	-7.994489405423646	0.3044607304923588	-292.0238893206903	-150.55083886988538	-8.298950135916005	100	14
93	-7.930757106089427	0.3681930298265783	-294.0002991539671	-153.16134225589852	-8.298950135916005	398	14
94	-7.867098959706776	-0.3546071471476431	-289.04027177056827	-154.72855093470682	-7.512491812559133	380	9
95	-7.838820735183214	0.9511351248057558	-293.3105903285177	-149.07465516892734	-8.78995585998897	53	13
96	-7.835288749897045	-0.3227969373379125	-281.5035780728474	-157.54293360033267	-7.512491812559133	420	9
97	-7.797891876909864	0.992063983079106	-282.5690196046986	-157.82376767890452	-8.78995585998897	8	13
98	-7.748543552977494	-0.23605174041836108	-298.3314137155043	-150.85269811816153	-7.512491812559133	15	9
99	-7.7344126586711575	1.178444857778345	-291.20042735323636	-150.3814868681456	-8.912857516449503	499	12
100	-7.720599393372797	1.1473933655749704	-302.806709752554	-152.32893015621536	-8.867992758947768	375	8
101	-7.656644207777823	1.3704263395031866	-285.3746176352153	-154.99453430447863	-9.02707054728101	189	15
102	-7.641406527411183	1.1485493325777867	-280.5741445557133	-156.5348976622641	-8.78995585998897	120	13
103	-7.6058125453112915	1.307044971138211	-291.6562180667679	-148.7616609278668	-8.912857516449503	346	12
104	-7.502398213593901	0.7824989291107585	-290.8089140534659	-147.6963993810316	-8.28489714270466	38	7
105	-7.500105698558752	1.5269648487222582	-284.8724083705595	-148.7522638083872	-9.02707054728101	277	15
106	-7.493288426547231	1.533782120733779	-287.8195745109951	-152.87031826020515	-9.02707054728101	156	15
107	-7.4758146209054	1.5512559263756103	-282.50183930010826	-158.29859794684197	-9.02707054728101	403	15
108	-7.4503092410163525	0.8486408948996527	-287.67322830690813	-154.6469857034956	-8.298950135916005	134	14
109	-7.408899860126937	1.6181706871540733	-294.2896536271743	-149.46866315652042	-9.02707054728101	440	15
110	-7.390847911845475	1.187672268311335	-294.3873800122213	-152.7974733796851	-8.57852018015681	91	10
111	-7.381565540459375	0.9033316022452844	-283.6658799716328	-154.84861857524493	-8.28489714270466	190	7
112	-7.3728193181135335	1.5996092326916553	-296.3813545872733	-147.60456447514304	-8.972428550805189	343	11
113	-7.371795257866751	1.4961975010810171	-292.2272964897077	-148.66405725807394	-8.867992758947768	471	8
114	-7.314947841977836	0.1975439705812967	-284.0313606777867	-159.7030037320775	-7.512491812559133	14	9
115	-7.3055925578621554	1.5624002010856124	-279.8554169808598	-152.56024635539308	-8.867992758947768	125	8
116	-7.284291488211052	1.6881370625941372	-293.0952250865612	-139.60675557904312	-8.972428550805189	276	11
117	-7.218307249542166	1.3602129306146438	-298.468976930014	-143.8309275400636	-8.57852018015681	472	10
118	-7.184846686570587	1.8422238607104227	-280.28677361642974	-158.82064867206918	-9.02707054728101	483	15
119	-7.1576888628667525	1.8693816844142574	-285.383717199296	-155.83341543597444	-9.02707054728101	90	15
120	-7.142855194705461	-0.1417881545197801	-297.8555243510674	-145.8088010065851	-7.0010670401856805	186	5
121	-7.084774286222077	0.5642396904988694	-295.04606684429996	-146.23487452088892	-7.649013976720946	216	3
122	-7.02791300708941	1.8849445093600927	-278.13411223446315	-160.83048637112987	-8.912857516449503	232	12
123	-7.026134245445174	1.7482150396159746	-278.4468494286407	-158.45223267729233	-8.774349285061149	286	6
124	-7.019304277526771	1.8486884814209965	-293.7924714106841	-155.0690538920577	-8.867992758947768	108	8
125	-6.973035770142186	1.3259143657738193	-281.1474008168089	-157.77627618459402	-8.298950135916005	95	14
126	-6.865635078698519	2.10679347210667	-296.1688950132563	-145.1195786162643	-8.972428550805189	202	11
127	-6.839646794171166	2.0732107222783362	-295.6761513518172	-154.53994920272692	-8.912857516449503	6	12
128	-6.7726636546068395	2.0172922053821303	-281.8554345998382	-155.75785573021255	-8.78995585998897	457	13
129	-6.7679499088404125	0.8810640678805335	-298.0503772366699	-143.9808339021744	-7.649013976720946	303	3
130	-6.753951191494046	1.544998944421959	-281.464013544553	-158.04610799057528	-8.298950135916005	72	14
131	-6.710167788336767	1.5747293543678929	-279.9756713937254	-157.70085450424475	-8.28489714270466	428	7
132	-6.681407306706669	2.1085485532823007	-287.60696850545844	-149.10322724146042	-8.78995585998897	278	13
133	-6.665884616794118	2.1240712431948516	-277.95491654079467	-166.54647290558935	-8.78995585998897	167	13
134	-6.656752033249589	1.6421981026664163	-289.3914222763249	-158.7705461482404	-8.298950135916005	84	14
135	-6.637779547752956	2.2750779686965465	-292.64709738172667	-151.31206141586398	-8.912857516449503	394	12
136	-6.6265911231373025	2.2862663933122	-292.46589829679937	-148.45290527606474	-8.912857516449503	252	12
137	-6.5548615226138836	2.4722090246671264	-291.9987714103583	-146.48206026154875	-9.02707054728101	301	15
138	-6.5211440740103725	2.5059264732706374	-283.969994293554	-157.49400462572345	-9.02707054728101	290	15
139	-6.4825451199852155	0.289581834158831	-281.6510602347491	-154.55591363856652	-6.7721269541440465	230	1
140	-6.480373911691165	2.0981462684656442	-286.2816662954667	-156.34310536693016	-8.57852018015681	145	10
141	-6.410612332632159	2.502245183817344	-293.9239879743703	-144.620516996175	-8.912857516449503	51	12
142	-6.3443019489300845	2.568555567519418	-288.26071826998316	-150.03349185427314	-8.912857516449503	204	12
143	-6.302294985735616	2.276225194421194	-291.5113631501382	-154.99689817735927	-8.57852018015681	181	10
144	-6.267566059895724	2.7595044873852856	-289.6830482714186	-156.29378650902035	-9.02707054728101	83	15
145	-6.177968794733324	2.120981341182681	-284.27509154974314	-150.18510132081641	-8.298950135916005	54	14
146	-6.1370210153493705	2.6529348446395993	-282.9179240301263	-157.33159326685188	-8.78995585998897	205	13
147	-6.08491702722375	0.6872099269202963	-280.67509579341584	-154.3630081743745	-6.7721269541440465	44	1
148	-6.067338341301523	2.7226175186874464	-289.37211155536	-157.5091045168731	-8.78995585998897	339	13
149	-5.934467980204669	2.9783895362448334	-285.91090367771807	-149.00943022727407	-8.912857516449503	223	12
150	-5.905704156735845	0.8664227974082017	-298.56267865315556	-147.3210435914053	-6.7721269541440465	456	1
151	-5.848866823413102	1.8001471533078437	-291.1707608799787	-149.18523423692093	-7.649013976720946	427	3
152	-5.73316448738851	2.565785648527495	-289.6077428569823	-153.8169219167871	-8.298950135916005	259	14
153	-5.722374792494853	1.9025311841433066	-282.7443428920713	-150.1938782321623	-7.62490597663816	493	4
154	-5.713672408592706	1.7988194039664265	-282.56446334284806	-156.13587168700445	-7.512491812559133	128	9
155	-5.655408243783164	3.371662303497846	-286.80348336789933	-152.16952557409323	-9.02707054728101	430	15
156	-5.614389966507154	3.4126805807738556	-294.391004389912	-140.62410865205703	-9.02707054728101	374	15
157	-5.553652954602885	3.3592045618466173	-280.2118205152187	-154.93664615834132	-8.912857516449503	183	12
158	-5.495933997340137	3.476494553465052	-287.6712976085326	-148.65551088368633	-8.972428550805189	157	11
159	-5.483923374708144	3.428934141741358	-291.511282028051	-154.81599474118264	-8.912857516449503	453	12
160	-5.464773081771506	3.3251827782174637	-293.76740540862187	-148.89377878158203	-8.78995585998897	207	13
161	-5.440550352322905	3.586520194958105	-284.8947757302716	-153.09955936513387	-9.02707054728101	118	15
162	-5.356317615167912	3.616110935637277	-281.7615669822086	-158.56465762086066	-8.972428550805189	105	11
163	-5.354307762281399	3.4356480977075705	-282.1517765333194	-154.27946229594065	-8.78995585998897	478	13
164	-5.346908520937986	2.1655832916211466	-290.4612115529976	-152.9781077949111	-7.512491812559133	163	9
165	-5.342558996068774	1.6585080441169069	-293.86488194581636	-148.36649064920624	-7.0010670401856805	289	5
166	-5.324406840301675	3.4655490196872947	-284.9828275886087	-155.34171303938209	-8.78995585998897	20	13
167	-5.315929552071349	2.983020583844656	-294.79899703418135	-144.7726366181903	-8.298950135916005	31	14
168	-5.293651752525287	3.4963041074636827	-282.80337173269373	-159.95540536987156	-8.78995585998897	271	13
169	-5.282991062396265	3.5069647975927047	-288.9473390123783	-151.55251492064977	-8.78995585998897	439	13
170	-5.250885246049865	3.776185301231145	-283.14775090276873	-153.8220640992106	-9.02707054728101	233	15
171	-5.249007675555854	3.540948184433116	-295.2576866432774	-148.72323651041458	-8.78995585998897	498	13
172	-5.203333200139971	3.3751869800168386	-290.5397562003448	-148.68974618776232	-8.57852018015681	74	10
173	-5.162736713936717	3.1362134219792885	-288.1577145026527	-157.3873342375715	-8.298950135916005	58	14
174	-5.144835097811345	3.6295141872498036	-295.0329667278753	-146.9191282372585	-8.774349285061149	446	6
175	-5.115798442615935	3.4627217375408748	-289.0608928852867	-151.51600007681748	-8.57852018015681	127	10
176	-5.081923978175228	3.890504572629961	-278.522288701649	-152.8980985184582	-8.972428550805189	25	11
177	-5.0624281115922845	3.222469031112375	-296.94249257801573	-148.32925239707407	-8.28489714270466	454	7
178	-5.058270412355337	2.454221400203796	-288.0384903875136	-153.7604910941866	-7.512491812559133	175	9
179	-4.976786463571365	4.050284083709645	-283.02262698003386	-159.00975102902126	-9.02707054728101	500	15
180	-4.950309117093713	3.348641018822292	-288.0614157032231	-151.30169758492806	-8.298950135916005	385	14
181	-4.933367766556827	3.9346249923909404	-283.49188632876655	-153.45909451647518	-8.867992758947768	434	8
182	-4.83145029809517	4.036542460852598	-278.93836763659743	-153.47470577366263	-8.867992758947768	488	8
183	-4.826813482562784	3.472136653353221	-293.3686282071977	-149.93283310605008	-8.298950135916005	310	14
184	-4.817160531965403	3.957188753095746	-286.72875445203806	-148.78626088116866	-8.774349285061149	366	6
185	-4.803162653214887	3.495787482701118	-288.11768428462864	-148.28584745240667	-8.298950135916005	445	14
186	-4.80224202890896	4.065750730038808	-276.42112917197386	-159.84997268269566	-8.867992758947768	254	8
187	-4.7460593636486	3.8324608165082097	-291.4166160156646	-147.23309572197485	-8.57852018015681	71	10
188	-4.727255716985481	2.7852360955736515	-291.64346156902945	-150.26410257590874	-7.512491812559133	325	9
189	-4.6773018809398135	4.112653979049156	-292.47654704748817	-149.8781405147917	-8.78995585998897	226	13
190	-4.6155374331785115	4.174418426810458	-291.94321062232405	-156.0439505953306	-8.78995585998897	3	13
191	-4.557357214748414	3.741592921167591	-281.6213243407006	-156.08645131794202	-8.298950135916005	29	14
192	-4.540148213496158	4.249807646492812	-290.47906832829347	-151.43314525828848	-8.78995585998897	182	13
193	-4.47612733999496	4.55094320728605	-284.6356079735325	-156.6052088442157	-9.02707054728101	384	15
194	-4.4295360262324355	4.148984153924374	-293.81171493396914	-148.08401687470214	-8.57852018015681	123	10
195	-4.27824077089351	3.3466652057446495	-287.7228054139874	-143.6729617886921	-7.62490597663816	302	4
196	-4.15048614008832	4.8219424107168685	-285.52626053621964	-157.82148914858803	-8.972428550805189	371	11
197	-4.145884394580156	4.644071465408814	-291.81128402659124	-149.71841732261768	-8.78995585998897	193	13
198	-4.0900599740080885	4.822797542441414	-295.00855846737113	-147.01682358911853	-8.912857516449503	184	12
199	-4.019701927042458	4.279248208873547	-293.3150270691905	-149.44594264647282	-8.298950135916005	327	14
200	-3.9240583532255773	4.8658975067633925	-283.2268339827511	-157.43370710428837	-8.78995585998897	332	13
201	-3.799541435653417	4.974807849407732	-278.47236832659377	-157.2642554306141	-8.774349285061149	388	6
202	-3.7778479926093933	4.313174522590966	-291.18098330054767	-151.46915753118662	-8.09102251520036	477	2
203	-3.7626098226990603	5.0273460372899095	-290.94617161083465	-147.8620087913454	-8.78995585998897	60	13
204	-3.721094401391621	5.305976145889389	-289.48714795791176	-150.40643779489173	-9.02707054728101	417	15
205	-3.7041669590793607	4.874353221077449	-288.9193875120268	-146.17698626338236	-8.57852018015681	460	10
206	-3.683371624793102	4.895148555363708	-290.41250963095	-149.98388943567863	-8.57852018015681	235	10
207	-3.660270699782771	5.366799847498239	-285.9818151843709	-149.7433566599358	-9.02707054728101	468	15
208	-3.546933248345095	4.75201688757091	-294.86329178995356	-147.75117053029655	-8.298950135916005	490	14
209	-3.5468721312070386	5.480198416073971	-281.60106433966155	-155.55244018465976	-9.02707054728101	154	15
210	-3.525528603149187	5.3873289133003155	-281.6855885201181	-156.97887366085337	-8.912857516449503	317	12
211	-3.5073380014813136	5.465090549323875	-278.78650507646597	-151.98417283756336	-8.972428550805189	12	11
212	-3.461746201573961	5.328209658415009	-291.6360527480834	-144.73467727617293	-8.78995585998897	338	13
213	-3.3514996231997127	4.297514353521233	-291.247247490292	-153.0610381498385	-7.649013976720946	86	3
214	-3.326727568986122	4.972222566929883	-284.9610025414419	-152.45586973326206	-8.298950135916005	79	14
215	-3.2933482529732956	5.733722294307714	-296.62056659507454	-145.76278520370403	-9.02707054728101	319	15
216	-3.2007920705873874	3.571334883556659	-291.69898528400154	-151.15060159921876	-6.7721269541440465	426	1
217	-3.1637405944545662	5.135209541461439	-297.7815304768018	-145.57354164837687	-8.298950135916005	159	14
218	-3.1489221769289717	5.641033683059998	-281.24612205965167	-149.76363368326733	-8.78995585998897	452	13
219	-3.1142816764786287	3.8867853637070517	-285.45897590632524	-150.32122409475346	-7.0010670401856805	275	5
220	-3.1047972988907944	5.7631954600569735	-286.5889695008334	-147.15850198489204	-8.867992758947768	112	8
221	-3.101305562824975	3.8997614773607054	-288.29050913521723	-146.0306464740832	-7.0010670401856805	381	5
222	-3.065200905123123	4.44729090743601	-279.0697325386136	-160.20832767644222	-7.512491812559133	461	9
223	-3.0529038742334684	5.974166673047542	-290.133985494462	-152.62796311626602	-9.02707054728101	480	15
224	-3.040832731475504	5.258117404440501	-281.9139298553952	-154.87314378179133	-8.298950135916005	336	14
225	-2.9672456242137457	5.3317045117022595	-284.2104996724978	-150.30596530962296	-8.298950135916005	164	14
226	-2.919535934933516	4.705370041704644	-281.60855361692273	-150.90758000242727	-7.62490597663816	153	4
227	-2.8611878982369348	5.43776223767907	-289.1931798348027	-146.3536116524528	-8.298950135916005	237	14
228	-2.818839555025921	5.955509730035228	-280.78788273679794	-151.40236588162577	-8.774349285061149	135	6
229	-2.7306309520617074	6.059324907927262	-293.6169489328937	-145.8675471851307	-8.78995585998897	76	13
230	-2.6848398410788192	6.342230706202191	-287.5710811986398	-147.76187516061708	-9.02707054728101	93	15
231	-2.590683886935416	6.436386660345594	-291.6895782112967	-142.79285676880707	-9.02707054728101	367	15
232	-2.413045804367094	6.499811712082408	-281.0383762245655	-153.5361891655492	-8.912857516449503	393	12
233	-2.353719330172231	5.931177812532429	-285.6385116727363	-150.25591506708165	-8.28489714270466	21	7
234	-2.341693873637694	5.170797938921439	-287.9830366434081	-152.70177415634964	-7.512491812559133	69	9
235	-2.277203932585964	5.813818582614395	-293.77239757740284	-143.67144441615784	-8.09102251520036	405	2
236	-2.160963829725187	6.707028929222581	-276.7731465181189	-158.8672845591976	-8.867992758947768	378	8
237	-2.1540203208974127	6.873050226383597	-277.3306354903807	-157.43737990038096	-9.02707054728101	146	15
238	-2.1269388067298216	6.741053952217946	-290.2451302195353	-149.8639824168666	-8.867992758947768	399	8
239	-1.9830044095314392	6.884988349416329	-284.1725721544294	-154.43632577982223	-8.867992758947768	87	8
240	-1.9827550003691918	7.044315546911818	-295.73528735639826	-149.55622569284844	-9.02707054728101	436	15
241	-1.843500151504486	6.455449984411519	-299.4889644229797	-142.42363729425313	-8.298950135916005	418	14
242	-1.7800786289611068	7.246991918319903	-295.48517262385604	-147.78055366194835	-9.02707054728101	444	15
243	-1.7435126322038137	7.283557915077196	-283.25893213452383	-151.37561761070768	-9.02707054728101	200	15
244	-1.6554949066659042	7.257362609783598	-282.60648113200904	-150.5885961229839	-8.912857516449503	144	12
245	-1.50890687828519	7.28104898170378	-282.32139541224046	-158.97701180542805	-8.78995585998897	415	13
246	-1.3711639050686593	6.927786230847346	-278.5106486289798	-152.32742014323316	-8.298950135916005	198	14
247	-1.352818863178224	6.272087113459936	-284.03581458650586	-155.10622988692606	-7.62490597663816	448	4
248	-1.3106679561697039	6.338346020551242	-281.5255084995567	-152.8379696320895	-7.649013976720946	208	3
249	-1.198925111880782	6.313566700678351	-291.2383501155196	-152.5711999569314	-7.512491812559133	372	9
250	-1.1772355715162757	7.612720288472694	-279.4878659052585	-155.04165211733144	-8.78995585998897	391	13
251	-1.1273784238033002	7.171571712112705	-293.615397188857	-148.76623475512264	-8.298950135916005	307	14
252	-1.117449503192308	7.909621044088702	-298.71591778077885	-143.15268782101217	-9.02707054728101	337	15
253	-1.0691723467767922	7.957898200504218	-280.0627207747141	-159.37970214846953	-9.02707054728101	143	15
254	-0.9566498463058037	6.555841966253329	-282.0341402771569	-152.279409308867	-7.512491812559133	429	9
255	-0.9563341490450545	6.556157663514078	-277.0460940210442	-159.51841830114952	-7.512491812559133	43	9
256	-0.8729854045030336	8.154085142777976	-292.02487456466736	-149.32433302168124	-9.02707054728101	463	15
257	-0.8602058237568695	7.42469131894779	-273.86659295033957	-162.51739773877404	-8.28489714270466	122	7
258	-0.8312312108322786	8.195839336448731	-289.28259027836657	-153.55378653970766	-9.02707054728101	465	15
259	-0.6779809846504845	6.834510827908648	-278.00865429080886	-157.07167041496047	-7.512491812559133	402	9
260	-0.6769282667132632	8.295500284091926	-293.45899279401334	-146.17253790459554	-8.972428550805189	438	11
261	-0.6748497673487659	8.297578783456423	-284.0999728787993	-149.22508545766033	-8.972428550805189	168	11
262	-0.6172319644361295	8.250760794511638	-284.7057939597006	-150.7736589083832	-8.867992758947768	249	8
263	-0.5878448568663224	8.32501265958318	-282.15270695768993	-160.49711477969655	-8.912857516449503	17	12
264	-0.5804884000665798	8.20946745992239	-284.2071530953941	-149.1557828309445	-8.78995585998897	466	13
265	-0.5767071449001335	8.336150371549369	-287.6008096648437	-155.09879784268972	-8.912857516449503	240	12
266	-0.5760449737626221	8.213910886226348	-278.596600299388	-153.9308165927198	-8.78995585998897	361	13
267	-0.5231801300162555	7.12583384670469	-280.20268079867094	-148.79261146267615	-7.649013976720946	287	3
268	-0.517904924597536	8.454523626207653	-286.35858769254764	-147.03219893551457	-8.972428550805189	35	11
269	-0.515628315828236	8.274327544160734	-278.017993798572	-147.700618253533	-8.78995585998897	67	13
270	-0.4846950754913717	8.093825104665438	-288.061975676152	-150.24001941072967	-8.57852018015681	62	10
271	-0.43917294016435804	8.473684576285144	-288.4490413039656	-152.82333199878536	-8.912857516449503	170	12
272	-0.3598506846319154	8.553006831817587	-287.17253161956586	-152.46429304485054	-8.912857516449503	316	12
273	-0.2747012754835083	8.024248860432497	-287.4216791154182	-150.96106989899945	-8.298950135916005	158	14
274	-0.190104777198016	8.677887981749752	-275.96821438778977	-155.21597500149687	-8.867992758947768	345	8
275	-0.12381816661926948	8.90325238066174	-285.75427702474195	-151.7633040073972	-9.02707054728101	396	15
276	0.01491800201696769	8.987346552822157	-285.84055852910603	-151.75849718626023	-8.972428550805189	443	11
277	0.06117068246328827	8.97402819891279	-285.02578650158273	-146.8512519821085	-8.912857516449503	34	12
278	0.08284350859067047	8.381793644506676	-287.6468429190036	-148.7617660084968	-8.298950135916005	133	14
279	0.2801616981188797	8.37118421331924	-294.07822617053637	-146.28466744472314	-8.09102251520036	116	2
280	0.29789843743036304	7.810390249989496	-285.2743338352788	-149.53063557764645	-7.512491812559133	357	9
281	0.34072162240783577	8.919241802564645	-288.7680088468933	-150.20722366722276	-8.57852018015681	347	10
282	0.3476959766165191	8.438718491816878	-281.8100604638524	-148.6991827896634	-8.09102251520036	149	2
283	0.5317521235863101	9.504180674391499	-291.51423154707993	-145.14557997687183	-8.972428550805189	266	11
284	0.6969586425442715	8.321864619182431	-290.93747579419215	-139.64446083685067	-7.62490597663816	491	4
285	0.7066026812950321	7.707669721480713	-290.68974738347254	-148.8592393091027	-7.0010670401856805	82	5
286	0.7913061226724576	9.581261982661427	-270.2594733589508	-157.13960074425765	-8.78995585998897	52	13
287	0.9094636017753128	8.558477578496259	-295.25520002916727	-145.32151952314408	-7.649013976720946	262	3
288	0.9107952065465792	9.489315386703389	-286.63496307000077	-150.96774655384067	-8.57852018015681	57	10
289	0.9424061330302465	9.855263649479749	-287.13182451089824	-145.96795891287115	-8.912857516449503	273	12
290	1.049581340521156	8.698595317242102	-283.969919159619	-147.67436082517588	-7.649013976720946	23	3
291	1.0625605703159806	10.08963111759699	-291.9436575017669	-151.55201803637698	-9.02707054728101	328	15
292	1.0774872327768321	9.990344749226335	-290.4986929285672	-141.8422141959037	-8.912857516449503	129	12
293	1.1598928936690047	10.132321444474194	-286.59363226002137	-147.99482186783627	-8.972428550805189	33	11
294	1.3187021807133616	8.090829134857408	-286.046532813788	-149.89877918190254	-6.7721269541440465	431	1
295	1.3686944844473583	9.653591627152018	-285.6777415933686	-152.37005071214392	-8.28489714270466	256	7
296	1.371207571972719	8.3722746121584	-288.5545451323297	-145.36858663008744	-7.0010670401856805	244	5
297	1.3716141643156252	10.161570024304595	-292.3696385721682	-137.96134345355264	-8.78995585998897	106	13
298	1.5971330955512162	10.387088955540186	-296.84544999044545	-139.15019352027744	-8.78995585998897	364	13
299	1.6908585319328235	9.781881047133183	-292.88058848773557	-138.9944892101031	-8.09102251520036	70	2
300	1.7413683624965701	8.74243540268225	-284.73433574975394	-150.95570592248396	-7.0010670401856805	171	5
301	1.823282125213642	9.448188101851802	-279.81007146694884	-148.99826145790055	-7.62490597663816	404	4
302	1.8401373282598037	10.708130087207572	-292.7727488747595	-141.06880239745843	-8.867992758947768	299	8
303	2.1727892060057066	10.947138491066855	-279.4733380402201	-149.47121229615993	-8.774349285061149	119	6
304	2.2315130846643036	10.530463220580309	-277.3778468967778	-150.67655483906157	-8.298950135916005	5	14
305	2.444365832385002	9.216492786529049	-278.59924463367304	-155.3796266625962	-6.7721269541440465	353	1
306	2.4995362968819332	11.289492156870903	-283.71108920522363	-152.61782472348108	-8.78995585998897	489	13
307	2.553904778854112	9.554971819039793	-290.51539542397023	-150.9597916914994	-7.0010670401856805	142	5
308	2.5644514280473167	11.338800713108466	-281.0186767865778	-147.1759603055532	-8.774349285061149	406	6
309	2.6127659218304053	11.639836469111415	-284.6073025993587	-149.47385887310284	-9.02707054728101	297	15
310	2.6531159735373553	11.443071833526325	-292.5015154040848	-147.7534379927388	-8.78995585998897	442	13
311	2.6707548601123836	10.955652002817043	-281.43943423431983	-153.65219573524115	-8.28489714270466	2	7
312	2.7113452678509127	11.738415815131923	-290.02951974807473	-145.69229000517922	-9.02707054728101	485	15
313	2.7278474575414595	11.51780331753043	-275.9233618794516	-156.19809430376517	-8.78995585998897	459	13
314	2.7959142106144945	11.822984757895505	-290.26576775096623	-150.62484286071822	-9.02707054728101	180	15
315	2.8397105082367826	11.629666368225752	-284.86770325493814	-145.84637761461207	-8.78995585998897	7	13
316	3.0651103859806064	12.092180933261616	-282.7692325213507	-150.6877287444269	-9.02707054728101	470	15
317	3.243516162821975	10.015643116966022	-279.22309461314063	-154.71067554416666	-6.7721269541440465	484	1
318	3.3722417105706946	12.240234469518462	-288.0160440223235	-148.68884019157875	-8.867992758947768	66	8
319	3.475282176115469	12.053802356272278	-274.2418129914121	-157.3167400253469	-8.57852018015681	28	10
320	3.4780394131532084	12.390896929602711	-284.4801783987828	-147.42988603859857	-8.912857516449503	192	12
321	3.4780815528934435	11.102987529531603	-278.14384063869505	-153.8410366604912	-7.62490597663816	475	4
322	3.561968119452928	12.336317404514077	-280.7116397786374	-150.11574745506698	-8.774349285061149	447	6
323	3.6576577304305182	12.432007015491667	-279.37052634924163	-149.04131641708906	-8.774349285061149	306	6
324	3.696393352039598	12.668821902844787	-276.90635192401004	-153.9403367561969	-8.972428550805189	308	11
325	4.169235252009104	12.454132394713763	-290.8572993134767	-153.64223940133323	-8.28489714270466	369	7
326	4.303991929510883	11.305058969696564	-280.70108602377564	-144.2797952198738	-7.0010670401856805	379	5
327	4.542973727928093	12.841923863844098	-283.383471998714	-152.40860657116338	-8.298950135916005	30	14
328	4.599087446258441	13.511944962707943	-277.84085241022734	-154.2824841065919	-8.912857516449503	243	12
329	5.19917260360859	13.98912846359756	-285.6651882970264	-154.93935741714301	-8.78995585998897	279	13
330	5.46928414206827	14.441712692873459	-287.39122214956694	-142.98052729479318	-8.972428550805189	85	11
331	5.473689710689138	14.446118261494327	-280.72614415638793	-148.33436292110795	-8.972428550805189	321	11
332	5.53480381806051	14.309153103121659	-278.64901072471764	-152.4837872813181	-8.774349285061149	117	6
333	5.558787389935464	14.471644906384967	-281.03665693176555	-151.02746334686822	-8.912857516449503	322	12
334	5.697226306891329	13.982123449595989	-274.1776885070675	-154.97170613379492	-8.28489714270466	401	7
335	5.722526761037676	14.512482621026646	-269.6920010533479	-160.60784153272505	-8.78995585998897	78	13
336	6.514701113884943	15.289050398946092	-283.5237548337077	-150.15252042341558	-8.774349285061149	241	6
337	6.775827754685496	15.565783614674466	-288.41891105552696	-144.58051589620942	-8.78995585998897	274	13
338	6.938297662803777	15.806290421751545	-282.631344036255	-152.7359613777363	-8.867992758947768	340	8
339	6.942125433156428	14.45461724571556	-288.5235657215794	-146.81492071380944	-7.512491812559133	326	9
340	6.991019785457088	13.992086825642769	-283.3136713762438	-150.6127999091672	-7.0010670401856805	408	5
341	7.283904014776608	16.073859874765578	-278.95577506585823	-150.3318865570582	-8.78995585998897	479	13
342	7.443877971719521	15.53490048691988	-282.9432268368303	-153.9017433243668	-8.09102251520036	248	2
343	7.695700101274147	15.786722616474506	-279.19716142153925	-150.63363669469254	-8.09102251520036	419	2
344	7.756551159389684	16.530900444450833	-279.16630619282137	-150.86694180928464	-8.774349285061149	239	6
345	8.407679955005122	16.706630090921127	-282.31837538829603	-150.87732664835139	-8.298950135916005	312	14
346	8.763298700824137	17.537647985885286	-273.5553358024577	-152.68758921356462	-8.774349285061149	224	6
347	8.941731215354563	17.520251395511373	-285.15909118170026	-150.0733719103182	-8.57852018015681	209	10
348	9.08691702757889	17.37181417028355	-276.54708422093444	-153.26495620505386	-8.28489714270466	270	7
349	9.163712139134438	18.136140689939626	-278.846620323311	-146.8846620452987	-8.972428550805189	10	11
350	9.223092607590663	18.195521158395852	-284.49762772915597	-139.78089610102828	-8.972428550805189	221	11
351	9.302631197735481	16.951645174456427	-289.484388617157	-148.13423706818836	-7.649013976720946	333	3
352	9.555993421023835	17.180899397661996	-283.05411302697524	-148.87319497348255	-7.62490597663816	238	4
353	9.848103947735972	17.473009924374132	-282.7606859789634	-144.1775988931842	-7.62490597663816	242	4
354	9.850463703328714	18.763321219778216	-277.94646876597255	-151.37710238911885	-8.912857516449503	341	12
355	10.005128091824853	18.97755664263004	-286.7621346961045	-145.6729632315603	-8.972428550805189	283	11
356	10.247163407007932	17.248230447193613	-273.28370014839305	-160.46665397113534	-7.0010670401856805	495	5
357	10.361511684800808	18.940031864957618	-281.4654008716717	-143.0478398911152	-8.57852018015681	40	10
358	10.475518995474133	19.502589542755143	-276.5237694339757	-152.78510222334205	-9.02707054728101	16	15
359	10.651371847238252	19.678442394519262	-279.5898589169073	-151.75199844116833	-9.02707054728101	258	15
360	10.71542369877744	19.29394387893425	-283.9231435841105	-147.258339985614	-8.57852018015681	188	10
361	10.759838744856161	19.672696261305664	-269.4762949257649	-149.10600585111587	-8.912857516449503	75	12
362	11.367268934067418	18.99217491070558	-271.41455102807134	-155.27585110427245	-7.62490597663816	47	4
363	11.513261818404567	20.485690369209756	-285.12424787185563	-150.14770383747674	-8.972428550805189	234	11
364	11.538639032374583	18.539706072560264	-280.6318337246787	-150.86958272590465	-7.0010670401856805	323	5
365	11.703378765167544	20.675807315972733	-285.04557651419685	-146.11374668532963	-8.972428550805189	292	11
366	11.737236661191353	20.511585946252502	-283.170523723125	-144.33871105452823	-8.774349285061149	215	6
367	12.412529102969433	21.439599650250443	-277.7280593043764	-148.05095116671825	-9.02707054728101	45	15
368	12.803287640573734	21.775716191378923	-272.76819119484736	-147.547864388773	-8.972428550805189	49	11
369	12.885413272450146	21.857841823255335	-271.11493401019356	-156.69251975953873	-8.972428550805189	464	11
370	15.754414155174082	24.52876344023523	-279.26483337941573	-148.21102463017755	-8.774349285061149	165	6
371	17.781689542817567	25.872712058017925	-275.1166894570544	-148.59006932752598	-8.09102251520036	37	2
372	20.009238309628074	28.294135452332732	-276.56691570197273	-146.9394316372797	-8.28489714270466	285	7
373	21.30973820561752	29.88825838577433	-269.4940977789297	-152.3509756019967	-8.57852018015681	432	10
374	25.356855712720815	33.64175285542547	-270.4526823804318	-151.94998670959012	-8.28489714270466	92	7
375	964.2116069761214	972.496504118826	495.9275194456002	-141.07204252893786	-8.28489714270466	101	7
